ORGANISATION,ORGANISATION,TF-applicability,TF-note,TF-COUNT,TF-pivot-count:collection,TF-pivot-members:collection
",","","","",1,1,"DoBeS archive : Bakola |1|"
"-","","","",52,3,"DoBeS archive : Chintang and Puma Documentation Project |1| # DoBeS archive : Hoocąk |1| # DoBeS archive : Kyanga Shanga |50|"
"ACLC-University of Amsterdam","","","",3,1,"Fesli |3|"
"AND Publishing Technology B.V.","","","",1,1,"INT |1|"
"ANU","","","",1,1,"Donated Corpora : Dalabon Corpus |1|"
"ASPIRH, Tarauacá","","","",8,1,"DoBeS archive : Cashinahua project |8|"
"Aalto University","","","",9,0,""
"Aarhus Universitet, Det Naturvidenskabelige Fakultet","","","",5,1,"CLARIN-DK-UCPH Repository |5|"
"Abteilung Allgemeine Sprachwissenschaft, Institut für Linguistik","","","",74,1,"DoBeS archive : CELD Papua |74|"
"Abteilung für Germanistik am Linguistikinstitut der Rumänischen Akademie","","","",1,1,"Bavarian Archive for Speech Signals (BAS) |1|"
"Abu-MaTran project","","","",1,1,"CLARIN.SI data & tools |1|"
"Academia","","","",2,1,"LINDAT / CLARIN Data & Tools |2|"
"Academy of Sciences at Goettingen, Germany","","","",1,1,"DoBeS archive : Tangsa, Tai, Singpho in North East India |1|"
"Académie Marquisienne (Tuhuna 'Eo 'Enata)","","","",81,1,"DoBeS archive : Marquesan team |81|"
"Académie marquisienne (Tuhuna 'Eo Enata)","","","",135,1,"DoBeS archive : Marquesan team |135|"
"Addis Ababa University","","","",51,1,"DoBeS archive : Bayso and Haro |51|"
"Addis Ababa University Department of Linguistics","","","",5,1,"DoBeS archive : Bayso and Haro |5|"
"Addis Ababa University Department of Linguistics P.O.Box 1176 Addis Ababa Ethiopia","","","",10,1,"DoBeS archive : Bayso and Haro |10|"
"Addis Ababa University, Department of Social Anthropology, P.O.Box","","","",8,1,"DoBeS archive : Bayso and Haro |8|"
"Addis Ababa University, Dept. for Sociology and Social Anthropology","","","",6,1,"DoBeS archive : Bayso and Haro |6|"
"African Christian Mission Amedzofe","","","",15,1,"MPI corpora : Language and Cognition : africa : Avatime : Shared |15|"
"Age: 50+","","","",1,1,"DoBeS archive : Semoq Beri and Batek |1|"
"Albert-LUdwigs-Universität Freiburg i.Br.","","","",4,1,"DoBeS archive : Kola Saami Documentation Project |4|"
"Albert-Ludwigs-Universität Freiburg","","","",7,1,"DoBeS archive : Kola Saami Documentation Project |7|"
"Albert-Ludwigs-Universität Freiburg i.Br.","","","",60,3,"DoBeS archive : Kola Saami Documentation Project |50| # Donated Corpora : Gammölsvänsk |7| # Donated Corpora : Pan-Saami Language Archive |3|"
"Aller Media Oy","","","",3,0,""
"Allgemeine Sprachwissenschaft, Universität Köln","","","",469,2,"DoBeS archive : CELD Papua |197| # DoBeS archive : Totoli |272|"
"Allgemeine Sprachwissenschaft, Universität zu Köln","","","",64,1,"DoBeS archive : CELD Papua |64|"
"Amebis, d. o. o., Kamnik","","","",2,1,"CLARIN.SI data & tools |2|"
"American Center of Oriental Research","","","",1,0,""
"Amsterdam Centre for Language and Communication, University of Amsterdam","","","",435,1,"TLA: IPROSLA sign language acquisition |435|"
"Andrews University Berrien Springs, Michigan","","","",1,0,""
"Antwerp University Hospital (UZA)","","","",1,1,"INT |1|"
"Apotheke","","","",7,1,"AGD |7|"
"Arbeitsagentur","","","",2,1,"AGD |2|"
"Archivio Storico Civico e Biblioteca Trivulziana","","","",1,0,""
"Arctic Centre, University of Lapland","","","",1,1,"DoBeS archive : Kola Saami Documentation Project |1|"
"Arla","","","",4,1,"CLARIN-DK-UCPH Repository |4|"
"Artsdatabanken","","","",1,1,"CLARINO Bergen Centre |1|"
"Arztpraxis","","","",1,1,"AGD |1|"
"Aschehoug","","","",1,1,"CLARINO Bergen Centre |1|"
"Aschehoug Publishing House","","","",3,2,"Clarino Bergen Centre - INESS |2| # Clarino UiB |1|"
"Aschehoug forlag","","","",3,2,"Clarino Bergen Centre - INESS |2| # Clarino UiB |1|"
"Association culturelle Te Reo o te Tuamotu","","","",180,1,"DoBeS archive : Marquesan team |180|"
"Aston University Birmingham : Department of German Studies, Department of English Studies","","","",1,1,"Archiv für Gesprochenes Deutsch |1|"
"Australian National University","","","",450,3,"DoBeS archive : Morehead |411| # Donated Corpora : Dalabon Corpus |13| # MPI EVA corpora : Jakarta Field Station |25|"
"Austrian Academy of Sciences","","","",6,2,"ARCHE |1| # Dictionary Gate |5|"
"Austrian Centre for Digital Humanities","","","",1,1,"ARCHE |1|"
"BBC","","","",1,1,"Sign Language : ECHO - Sign Language |1|"
"Bavarian Archive for Speech Signals","","","",4,1,"Bavarian Archive for Speech Signals (BAS) |4|"
"Bavarian Archive for Speech Signals, Ludwig-Maximilians-Universitaet Muenchen","","","",4,1,"Bavarian Archive for Speech Signals (BAS) |4|"
"Bavarian Archive for Speech Signals, Ludwig-Maximilians-Universität München","","","",37,1,"Bavarian Archive for Speech Signals (BAS) |37|"
"Bavarian Archive for Speech Signals, Munich, Germany","","","",1,1,"Bavarian Archive for Speech Signals (BAS) |1|"
"Behrang-QasemiZadeh","","","",1,1,"LRT + Open Submissions Data & Tools |1|"
"Bellmanssällskapet","","","",1,1,"Språkbanken |1|"
"Beredskabsstyrelsen","","","",1,1,"CLARIN-DK-UCPH Repository |1|"
"Bergen municipality","","","",1,1,"CLARINO Bergen Centre |1|"
"Bergische Universität Wuppertal","","","",5,1,"HZSK: SFB 632 |5|"
"Berlin-Brandenburg Academy of Sciences and Humanities","","","",5,4,"Digitales Wörterbuch der deutschen Sprache (DWDS) |1| # Dingler Online |1| # Dortmunder Chatkorpus 2.0 (Kernkorpus) |1|"
"Berlin-Brandenburg Academy of Sciences and Humanities (BBAW)","","","",111,2,"Deutsches Textarchiv (1600–1900) |3| # Referenzkorpus Mittelhochdeutsch (1050–1350) |108|"
"Berlin-Brandenburgische Akademie der Wissenschaften (BBAW)","","","",112,3,"Deutsches Textarchiv (1600–1900) |3| # Dingler Online |1| # Referenzkorpus Mittelhochdeutsch (1050–1350) |108|"
"Berufsbildende Schule","","","",13,1,"AGD |13|"
"Biblioteca Bertoliana","","","",1,0,""
"Bielefeld University","","","",414,2,"Bavarian Archive for Speech Signals (BAS) |1| # Donated Corpora : XTYP Lab |411|"
"Boston University","","","",2,1,"MPI corpora : Language and Cognition : Gesture Projects : Allen |2|"
"Bowling Green State University","","","",1,1,"COST elicitationdata |1|"
"Brigham Young University","","","",3,0,""
"Bruguera, Barcelona","","","",1,1,"CLARINO Bergen Centre |1|"
"Bulgarian Academy of Sciences","","","",2,2,"Clarino Bergen Centre - INESS |1| # Clarino UiB |1|"
"Bulgarische Akademie der Wissenschaften, Sofia, Bulgarien","","","",1,1,"Tübingen Language Resources |1|"
"Bundesminister für Bildung und Forschung, Germany","","","",1,1,"Bavarian Archive for Speech Signals (BAS) |1|"
"Bundespresse- und Informationsamt","","","",1,1,"AGD |1|"
"Bureau ICE","","","",3,2,"CollBank |1| # TLA: DiscAn |2|"
"By og Byg","","","",1,1,"CLARIN-DK-UCPH Repository |1|"
"CEDDLA","","","",102,1,"DoBeS archive : Chaco languages |101|"
"CELD Manokwari","","","",14,1,"DoBeS archive : CELD Papua |14|"
"CELD UNIPA","","","",14,1,"DoBeS archive : CELD Papua |14|"
"CIESAS Mexico","","","",1,0,""
"CLARIN","","","",3,2,"CLARIN Virtual Collection Registry |1| # INT |2|"
"CLARIN Bergen","","","",1,1,"CLARINO UiB - Corpuscle |1|"
"CLARIN-D","","","",112,3,"Deutsches Textarchiv (1600–1900) |3| # Dingler Online |1| # Referenzkorpus Mittelhochdeutsch (1050–1350) |108|"
"CLARIN-D center, Natural Language Processing Group, University of Leipzig","","","",4550,2,"Leipzig Corpora Collection |4373| # WebLicht Webservice Orchestrator |177|"
"CLARINO Bergen Centre","","","",12,4,"CLARINO Bergen Centre |1| # CLARINO UiB - Corpuscle |7| # Clarino Bergen Centre - INESS |1|"
"CLS, Radboud Universiteit (formerly known as Katholieke Universiteit Nijmegen)","","","",2,1,"CollBank |2|"
"CLS, Radboud University","","","",98,3,"NEHOL |41| # SUCA |15| # Sign Language : Corpus NGT |1|"
"CLS, Radboud University Nijmegen","","","",1,1,"CollBank |1|"
"CLS-KUN","","","",3920,1,"MPI CGN |3920|"
"CLST, Radboud University","","","",2,1,"CollBank |2|"
"CLST, Radboud University Nijmegen","","","",1,1,"CollBank |1|"
"CMU","","","",1907,1,"TalkBank |1907|"
"CNR Edizioni","","","",1,1,"ILC4CLARIN : OPEN Data & Tools |1|"
"CNRS","","","",3,1,"MPI corpora : LexoBlock registry |3|"
"CNRS Laboratoire Dynamique du Langage, Universite Lumiere Lyon 2","","","",1,1,"DoBeS archive : Even |1|"
"CNRS Lattice Paris (F)","","","",1,1,"IMS, CLARIN-D Centre, University of Stuttgart |1|"
"CNRS París Francia, IIAP Iquitos Perú","","","",134,1,"DoBeS archive : Gente del Centro - People of the Center |134|"
"CNRS, Université Lumière Lyon 2","","","",32,1,"DoBeS archive : Even |32|"
"CONICET - Universidad de Buenos Aires","","","",52,1,"DoBeS archive : Chaco languages |52|"
"CONICET- Universidad Nacional de Formosa","","","",20,1,"DoBeS archive : Chaco languages |20|"
"CONICET- Universidad de Formosa","","","",3,1,"DoBeS archive : Chaco languages |3|"
"CONICET-Universidad de Buenos Aires","","","",1,1,"DoBeS archive : Chaco languages |1|"
"CPDP","","","",25,2,"DoBeS archive : Chintang and Puma Documentation Project |24| # MPI corpora : Language and Cognition : southasia : Chintang : Dirksmeyer |1|"
"CSC - IT Center for Science","","","",5,0,""
"CSC - Tieteen tietotekniikan keskus Oy","","","",16,0,""
"CSC — IT Center for Science Ltd","","","",16,0,""
"Cappelen","","","",1,1,"CLARINO Bergen Centre |1|"
"Carlsberg","","","",1,1,"CLARIN-DK-UCPH Repository |1|"
"Carnegie Mellon University","","","",5470,1,"TalkBank |5470|"
"Catholic University of Leuven (K.U.Leuven)","","","",1,1,"INT |1|"
"Center for Endagered Languages Documentation","","","",1,1,"DoBeS archive : CELD Papua |1|"
"Center for Endangered Langguages Documentation","","","",1,1,"DoBeS archive : CELD Papua |1|"
"Center for Endangered Languages Documentation","","","",98,1,"DoBeS archive : CELD Papua |98|"
"Center for Endangered Languages Documentation, Universitas Negeri Papua","","","",238,1,"DoBeS archive : Wooi |238|"
"Center for Endangered Languages Documentation, Universtitas Negeri Papua","","","",22,1,"DoBeS archive : CELD Papua |22|"
"Center for Information and Language Processing, University of Munich","","","",2,1,"LRT + Open Submissions Data & Tools |2|"
"Center for det Maritime Sundhedsvæsen, Søfartsstyrelsen","","","",1,1,"CLARIN-DK-UCPH Repository |1|"
"Centre National de la Recherche Scientifique","","","",127,2,"DoBeS archive : Gente del Centro - People of the Center |126| # IMS, CLARIN-D Centre, University of Stuttgart |1|"
"Centre Territorial de Recherche et de Documentation Pédagogiques (CTRDP)","","","",134,1,"DoBeS archive : Marquesan team |134|"
"Centre for Applied Language Studies","","","",1,0,""
"Centre for Deaf Studies, University of Bristol / Department of Language and Communication Science, City University (London)","","","",8,2,"ECHO |3| # Sign Language : ECHO - Sign Language |5|"
"Centre for Language Resources and Technologies, University of Ljubljana","","","",16,1,"CLARIN.SI data & tools |16|"
"Centre for Language Studies, Radboud University Nijmegen","","","",34,2,"Sign Language : Visibase |32| # TLA: IPROSLA sign language acquisition |2|"
"Centre for Language Studies, Radboud University Nijmegen & Max Planck Institute for Psycholinguistics","","","",1,1,"MPI corpora : Comprehension : Ernestus and Cutler |1|"
"Centre for Language Technology, NorS, University of Copenhagen","","","",17,1,"CLARIN-DK-UCPH Repository |17|"
"Centre for Linguistics, Leiden University","","","",411,1,"Sign Language : African Sign Languages |411|"
"Centre for Research on Language Diversity","","","",10,1,"DoBeS archive : Vurës and Vera'a |10|"
"Centre for Research on Language Diversity, La Trobe University","","","",2,1,"DoBeS archive : Tangsa, Tai, Singpho in North East India |2|"
"Centre for Sign Language, University College Capital","","","",1,1,"COST elicitationdata |1|"
"Centre for Sign Lingusitics, The Chinese University of Hong Kong","","","",1,1,"Sign Language : Sign Language Typology |1|"
"Charles University","","","",1,1,"LINDAT / CLARIN Data & Tools |1|"
"Charles University in Prague, Faculty of Arts, Institute of the Czech National Corpus","","","",7,1,"LINDAT / CLARIN Data & Tools |7|"
"Charles University in Prague, Faculty of Mathematics and Physics, Institute of Formal and Applied Linguistics in Prague","","","",2,1,"LINDAT / CLARIN Data & Tools |2|"
"Charles University in Prague, UTKL","","","",1,1,"LINDAT / CLARIN Data & Tools |1|"
"Charles University in Prague, ÚFAL","","","",1,1,"LINDAT / CLARIN Data & Tools |1|"
"Charles University in Prague, ÚTKL","","","",1,1,"LINDAT / CLARIN Data & Tools |1|"
"Charles University in Prague, ÚČJTK","","","",5,1,"LINDAT / CLARIN Data & Tools |5|"
"Charles University, Faculty of Arts, Institute of Theoretical and Computational Linguistics","","","",1,1,"LINDAT / CLARIN Data & Tools |1|"
"Charles University, Faculty of Arts, Institute of the Czech National Corpus","","","",5,1,"LINDAT / CLARIN Data & Tools |5|"
"Charles University, Faculty of Mathematics and Physics","","","",2,1,"LINDAT / CLARIN Data & Tools |2|"
"Charles University, Faculty of Mathematics and Physics, Institute of Formal and Applied Linguistics (UFAL)","","","",84,2,"LINDAT / CLARIN Data & Tools |81| # LRT + Open Submissions Data & Tools |3|"
"Charles University, UFAL","","","",2,1,"LINDAT / CLARIN Data & Tools |2|"
"Cheikh Anta Diop University of Dakar, Senegal and Leiden University Centre for Linguistics, The Netherlands","","","",1,1,"Donated Corpora : Noon |1|"
"Chicobava Institute of Linguistics","","","",55,1,"DoBeS archive : ECLING project |55|"
"Chikobava Institute of Linguistics","","","",210,2,"DoBeS archive : ECLING project |197| # Donated Corpora : SSGG |13|"
"Chinese University of Hong Kong","","","",1,0,""
"Christian-Albrechts-Universität zu Kiel","","","",66,2,"DoBeS archive : Paumotu |64| # DoBeS archive : Teop |2|"
"Christian-Albrechts-Universität zu Kiel, Association culturelle Te Reo o te Tuamotu","","","",31,2,"DoBeS archive : Marquesan team |30| # DoBeS archive : Paumotu |1|"
"Christian-Albrechts-Universität zu Kiel, Association culturelle Te Reo o te Tuamotu, Te U'i hou o te Fenua 'Enata, Atuona, B.P. 26, Hiva 'Oa, Marquises-Sud","","","",1,1,"DoBeS archive : Marquesan team |1|"
"Civil Service University Addis Ababa","","","",17,1,"DoBeS archive : Oyda |17|"
"Comp-Aid Oy","","","",1,0,""
"Comparative Linguistics, University of Frankfurt","","","",19,1,"DoBeS archive : ECLING project |19|"
"Comunidad Cashinahua de San Martin","","","",6,1,"DoBeS archive : Cashinahua project |6|"
"Culture For All Service","","","",1,0,""
"Cultures & Religions, School of Languages","","","",1,1,"DoBeS archive : Chipaya project |1|"
"DFG Collaborative Research Centre 991, University of Duesseldorf","","","",1,1,"LRT + Open Submissions Data & Tools |1|"
"DFG-Projekt: Literaturexplosion und Intertextualität. Bedingungen und Merkmale der 'Verschriftlichung des Lebens' in Nürnberg","","","",1,1,"Deutsches Textarchiv (1600–1900) |1|"
"DFKI","","","",3,1,"Tübingen Language Resources |3|"
"DTU","","","",1,1,"CLARIN-DK-UCPH Repository |1|"
"Daguragu Community Government Council","","","",2,1,"DoBeS archive : Jaminjungan and Eastern Ngumpin |2|"
"Danfoss","","","",2,1,"CLARIN-DK-UCPH Repository |2|"
"Danmarks JordbrugsForskning","","","",5,1,"CLARIN-DK-UCPH Repository |5|"
"Danmarks Miljøundersøgelser","","","",4,1,"CLARIN-DK-UCPH Repository |4|"
"DePaul University","","","",1,1,"COST elicitationdata |1|"
"Delingua","","","",1,0,""
"Department of Circuit Theory, Czech Technical University in Prague, Faculty of Electrical Engineering","","","",1,1,"LRT + Open Submissions Data & Tools |1|"
"Department of Cybernetics, University of West Bohemia","","","",7,1,"LINDAT / CLARIN Data & Tools |7|"
"Department of Informatics, University of Oslo","","","",1,1,"CLARINO Bergen Centre |1|"
"Department of Infrastructure, Planning, and Environment, Northern Territory Government","","","",45,1,"DoBeS archive : Jaminjungan and Eastern Ngumpin |45|"
"Department of Language and Communication Science, City University (London)","","","",1,1,"ECHO |1|"
"Department of Languages and Literatures, University of Gothenburg","","","",1,1,"Språkbanken |1|"
"Department of Linguistics and Scandinavian Studies, University of Oslo","","","",3,1,"Clarino - Textlab |3|"
"Department of Linguistics, Max Planck Institute for Evolutionary Anthropology","","","",1040,1,"DoBeS archive : Taa |1040|"
"Department of Linguistics, Radboud University, Nijmegen","","","",1,1,"CollBank |1|"
"Department of Linguistics, University Of Khartoum","","","",32,1,"DoBeS archive : Tima |32|"
"Department of Linguistics, University of Cologne","","","",522,1,"DoBeS archive : Movima |522|"
"Department of Linguistics, University of Nijmegen","","","",9,2,"ECHO |2| # Sign Language : ECHO - Sign Language |7|"
"Department of Linguistics, University of Victoria","","","",143,1,"DoBeS archive : Lacandon Cultural Heritage |143|"
"Department of Neurology","","","",112,1,"MPI corpora : Language and Cognition : Gesture Projects : Lausberg |112|"
"Department of Neurology, Freie Universität Berlin","","","",113,1,"MPI corpora : Language and Cognition : Gesture Projects : Lausberg |112|"
"Department. of Linguistics, Tribhuvan University, Kirtipur, Kathmandu","","","",28,1,"DoBeS archive : Chintang and Puma Documentation Project |28|"
"Dept. of Linguistics, Radboud University, Nijmegen","","","",20,1,"CLARIN NL : leslla |20|"
"Destino Colección Áncora y Delfín","","","",1,1,"CLARINO Bergen Centre |1|"
"Det Økologiske Råd","","","",1,1,"CLARIN-DK-UCPH Repository |1|"
"Deutsche Forschungsgemeinschaft","","","",1,1,"Dingler Online |1|"
"Deutsche Telekom Laboratories","","","",1,1,"Bavarian Archive for Speech Signals (BAS) |1|"
"Deutsche Telekom, Bonn, Germany","","","",1,1,"Bavarian Archive for Speech Signals (BAS) |1|"
"Deutscher Wortschatz, Leipzig University","","","",1,0,""
"Deutsches Spracharchiv","","","",52,2,"AGD |51| # Institut für Deutsche Sprache, CLARIN-D Zentrum, Mannheim |1|"
"Deutsches Spracharchiv et al.","","","",4,3,"AGD |2| # Archiv für Gesprochenes Deutsch |1| # Institut für Deutsche Sprache, CLARIN-D Zentrum, Mannheim |1|"
"Deutsches Textarchiv","","","",111,2,"Deutsches Textarchiv (1600–1900) |3| # Referenzkorpus Mittelhochdeutsch (1050–1350) |108|"
"Deutsches Textarchiv (Dingler)","","","",1,1,"Dingler Online |1|"
"Developing national standards for the assessment of writing – a tool for teaching and learning (Normprosjektet, 2012–2016)","","","",1,1,"Clarino - Textlab |1|"
"Developing national standards for the assessment of writing – a tool for teaching and learning (The NORM Project, 2012–2016)","","","",1,1,"Clarino - Textlab |1|"
"Dhankuta Multiple Campus College","","","",12,1,"DoBeS archive : Chintang and Puma Documentation Project |12|"
"Digitales Wörterbuch der deutschen Sprache (DWDS)","","","",6,3,"DWB-Erstausgabe |1| # DWB-Erstausgabe (Stichwortliste) |1| # Digitales Wörterbuch der deutschen Sprache (DWDS) |4|"
"Dinamo forlag Lysaker","","","",1,1,"CLARINO Bergen Centre |1|"
"Dinamo forlag, Lysaker","","","",1,1,"CLARINO Bergen Centre |1|"
"Dingler Online - Das digitalisierte Polytechnische Journal","","","",1,1,"Dingler Online |1|"
"Diwurruwurru-Jaru Aboriginal Corporation","","","",28,1,"DoBeS archive : Jaminjungan and Eastern Ngumpin |28|"
"Diwurruwurru-jaru Aboriginal Corporation","","","",21,1,"DoBeS archive : Jaminjungan and Eastern Ngumpin |21|"
"DoBeS Archive, Max Planck Institute for Psycholinguistics, Nijmegen, The Netherlands","","","",5,1,"DoBeS archive : Kurumba |5|"
"DoBeS Kwilu","","","",2,1,"DoBeS archive : Nsambaan, Nsong and Ngong |2|"
"DoBeS-Team Totoli","","","",282,1,"DoBeS archive : Totoli |282|"
"Documentatie- en Onderzoekscentrum van het Nederlandse Lied (DOC Lied)","","","",1,1,"CollBank |1|"
"Dong","","","",4,1,"CLARIN-DK-UCPH Repository |4|"
"Dutch HLT Agency (TST-Centrale)","","","",1,1,"CollBank |1|"
"Dutch Language Institute","","","",35,1,"INT |35|"
"Dutch Language Institute (Instituut voor de Nederlandse Lexicologie Taal, INT)","","","",1,1,"INT |1|"
"Dutch Language Institute (Instituut voor de Nederlandse Lexicologie Taal, INT), Language Database Department (Taalbank Nederlands)","","","",2,1,"INT |2|"
"Dutch Language Institute (Instituut voor de Nederlandse Taal, INT)","","","",3,1,"INT |3|"
"Dutch Language Institute (Instituut voor de Nederlandse Taal, INT), Description and Production (Descriptie en Productie)","","","",1,1,"INT |1|"
"Dutch Language Institute (Instituut voor de Nederlandse Taal, INT), Description and Production Department (Afdeling Descriptie en Productie)","","","",1,1,"INT |1|"
"Dutch Language Institute (Instituut voor de Nederlandse Taal, INT), Language Database Department (Taalbank Nederlands)","","","",2,1,"INT |2|"
"Dutch Language Union","","","",2,1,"INT |2|"
"Dutch Sign Centre","","","",1,1,"Sign Language : Sign Language Lexica |1|"
"ELIS, Rijks Universiteit Gent","","","",2,1,"CollBank |2|"
"ELIS-UG","","","",3842,1,"MPI CGN |3842|"
"ENS Lyon (F)","","","",1,1,"IMS, CLARIN-D Centre, University of Stuttgart |1|"
"Eberhard-Karls-Universität Tübingen","","","",1,1,"Tübingen Language Resources |1|"
"Ecole Normale Supérieure-Yaoundé, Departement of African Languages and Cultures","","","",9,1,"DoBeS archive : Bakola |9|"
"Edelvivies, Zaragoza","","","",1,1,"CLARINO Bergen Centre |1|"
"Ediciones B, Barcelona","","","",1,1,"CLARINO Bergen Centre |1|"
"Editura GmbH & Co. KG, Berlin","","","",1,1,"Dingler Online |1|"
"Eesti Keele Instituut","","","",76,1,"Center of Estonian Language Resources |76|"
"Eesti Kirjandusmuuseum","","","",5,1,"Center of Estonian Language Resources |5|"
"Eesti-Prantsuse Leksikograafiaühing","","","",2,1,"Center of Estonian Language Resources |2|"
"Ellehauge&Kildemoes","","","",1,1,"CLARIN-DK-UCPH Repository |1|"
"Enfance & Culture","","","",1,1,"DBD |1|"
"Erfurt University","","","",62,2,"DoBeS archive : Hoocąk |49| # DoBeS archive : Hoocąk |13|"
"Erhvervs- og Boligstyrelsen","","","",3,1,"CLARIN-DK-UCPH Repository |3|"
"Erhvervs- og Byggestyrelsen","","","",3,1,"CLARIN-DK-UCPH Repository |3|"
"Erhvervs- og Selskabsstyrelsen, OEM","","","",1,1,"CLARIN-DK-UCPH Repository |1|"
"Escola Estadual Indígena Fulni-ô Marechal Rondon","","","",18,1,"Donated Corpora : Yaathe |18|"
"Estonian Literary Museum","","","",2,1,"Center of Estonian Language Resources |2|"
"Estonian-French Lexicography Association","","","",2,1,"Center of Estonian Language Resources |2|"
"Etuma Oy","","","",1,0,""
"Europa-Universität Viadrina","","","",49,1,"DoBeS archive : Cashinahua project |49|"
"European Commission - Joint Research Centre","","","",1,0,""
"Evaluation and Language resources Distribution Agency","","","",1,1,"Center of Estonian Language Resources |1|"
"FECONA","","","",52,1,"DoBeS archive : Gente del Centro - People of the Center |52|"
"FECONAPU","","","",119,1,"DoBeS archive : Cashinahua project |119|"
"FIN-CLARIN","","","",179,0,""
"FLSmidt","","","",9,1,"CLARIN-DK-UCPH Repository |9|"
"FSF.hu Foundation","","","",1,0,""
"Fachbereich Germanistik der Universität Salzburg","","","",4,2,"AGD |2| # Archiv für Gesprochenes Deutsch |2|"
"Fachinformationsdienst Nordeuropa","","","",5,3,"Hamburger Zentrum für Sprachkorpora (HZSK) |1| # Hamburger Zentrum fÃ¼r Sprachkorpora (HZSK) |1| # Hamburger Zentrum für Sprachkorpora (HZSK) |3|"
"Faculdade de Letra, Universidade Federal de Alagoas Av. Lourival de Melo Mota, s/n Tabuleiro dos Martins Maceió - AL 57072-970 UFAL / FALE Brasil","","","",346,1,"Donated Corpora : NURC |346|"
"Facultad de Filosofía y Letras - Universidad de Buenos Aires","","","",33,1,"DoBeS archive : Chaco languages |33|"
"Facultad de Filosofía y Letras Universidad de Buenos Aires","","","",7,1,"DoBeS archive : Chaco languages |7|"
"Facultad de Filosofía y Letras, Universidad de Buenos Aires","","","",1,1,"DoBeS archive : Chaco languages |1|"
"Faculty of Arts, Institute of the Czech National Corpus, Charles University in Prague","","","",1,1,"LINDAT / CLARIN Data & Tools |1|"
"Faculty of Arts, University of Ljubljana","","","",3,1,"CLARIN.SI data & tools |3|"
"Faculty of Computer and Information Science, University of Ljubljana","","","",6,1,"CLARIN.SI data & tools |6|"
"Faculty of Electrical Engineering and Computer Science, University of Maribor","","","",4,1,"CLARIN.SI data & tools |4|"
"Faculty of Electrical Engineering, University of Ljubljana","","","",1,1,"CLARIN.SI data & tools |1|"
"Faculty of Humanities and Social Sciences, University of Zagreb","","","",4,1,"CLARIN.SI data & tools |4|"
"Faculty of Informatics, Masaryk University","","","",1,1,"LINDAT / CLARIN Data & Tools |1|"
"Faculty of Information Studies Novo mesto","","","",4,1,"CLARIN.SI data & tools |4|"
"Faculty of Letters and Philosophy, University of Buenos Aires","","","",108,1,"DoBeS archive : Chaco languages |108|"
"Faculty of Mathematics and Physics, Charles University in Prague, UFAL","","","",3,1,"LINDAT / CLARIN Data & Tools |3|"
"Fahrschule","","","",11,1,"AGD |11|"
"Fedearación de Comunidades Nativas del Ampiyacu (FECONA)","","","",1,1,"DoBeS archive : Gente del Centro - People of the Center |1|"
"Federación de Co0munidades Nativas del río Ampiyacu (FECONA)","","","",1,1,"DoBeS archive : Gente del Centro - People of the Center |1|"
"Federación de Comunidades Nativas del Ampiyacu, FECONA.","","","",1,1,"DoBeS archive : Gente del Centro - People of the Center |1|"
"Federación de Comunidades Nativas del río Ampiyacu (DFECONA).","","","",2,1,"DoBeS archive : Gente del Centro - People of the Center |2|"
"Federación de Comunidades Nativas del río Ampiyacu (FECONA).","","","",22,1,"DoBeS archive : Gente del Centro - People of the Center |22|"
"Federación de Comunidades Nativas del río Ampiyacu - FECONA","","","",9,1,"DoBeS archive : Gente del Centro - People of the Center |9|"
"Federación de Comunidades Ntivas del río Ampiyacu (FECONA).","","","",5,1,"DoBeS archive : Gente del Centro - People of the Center |5|"
"Fernsehen","","","",1,1,"AGD |1|"
"Filosoft","","","",2,1,"Center of Estonian Language Resources |2|"
"Finanstilsynet, OEM","","","",2,1,"CLARIN-DK-UCPH Repository |2|"
"Finnish Broadcasting Company","","","",4,0,""
"Finnish Competition and Consumer Authority","","","",1,0,""
"Finnish National Board of Education","","","",1,0,""
"Fondazione Bruno Kessler, Trento, Italy","","","",11,2,"LINDAT / CLARIN Data & Tools |2| # LRT + Open Submissions Data & Tools |9|"
"Font","","","",1,1,"CLARINO Bergen Centre |1|"
"Forlaget Libris","","","",3,1,"CLARIN-DK-UCPH Repository |3|"
"Forlaget Tegl","","","",2,1,"CLARIN-DK-UCPH Repository |2|"
"Forschungsinstitut für deutsche Sprache „Deutscher Sprachatlas“","","","",4,2,"AGD |3| # Institut für Deutsche Sprache, CLARIN-D Zentrum, Mannheim |1|"
"Forskning.no","","","",1,1,"CLARINO Bergen Centre |1|"
"Forskningscenter Risø","","","",1,1,"CLARIN-DK-UCPH Repository |1|"
"Frankfurt University Comparative Linguistics","","","",9,1,"DoBeS archive : ECLING project |9|"
"Fraunhofer Heinrich Hertz Institute, Immersive Media and Communication Group, Vision and Imaging Technology Department","","","",1,1,"MPI corpora : Demo |1|"
"Fraunhofer Institut für Intelligente Analyse und Informationssysteme, IAIS","","","",5,1,"MPI corpora : Demo |5|"
"Free University Berlin, Institute for Turkology","","","",69,0,""
"Free University of Amsterdam (VU)","","","",2,1,"INT |2|"
"Freiburg Research Group in Saami Studies / Skandinavisches Seminar / Universität Freiburg","","","",42,1,"Donated Corpora : Pan-Saami Language Archive |42|"
"Freie Universitaet Berlin / Germany and Museu Paraense Emílio Goeldi / Belém / PA / Brasil","","","",1,1,"DoBeS archive : Awetí |1|"
"Freie Universität Berlin","","","",339,3,"AGD |1| # DoBeS archive : Awetí |187| # MPI corpora : Acquisition : L2 Acquisition : P-MoLL |115|"
"Freie Universität Berlin / Germany and Museu Paraense Emílio Goeldi / Belém / PA / Brasil","","","",166,1,"DoBeS archive : Awetí |166|"
"Freie Universität Berlin, Institut für Deutsche und Niederländische Philologie","","","",1,1,"AGD |1|"
"Freie Universitï¿½t Berlin / Germany and Museu Paraense Emï¿½lio Goeldi / Belï¿½m / PA / Brasil","","","",1,1,"DoBeS archive : Awetí |1|"
"Friedrich Schiller University Jena","","","",1,1,"IMS, CLARIN-D Centre, University of Stuttgart |1|"
"Friedrich-Alexander-Universität Erlangen","","","",1,1,"Bavarian Archive for Speech Signals (BAS) |1|"
"Friedrich-Schiller-Universität Jena","","","",2,1,"DoBeS archive : Morehead |2|"
"Fryske Akademy","","","",4,3,"CollBank |1| # INT |1| # LRT + Open Submissions Data & Tools |2|"
"Fødevarestyrelsen","","","",1,1,"CLARIN-DK-UCPH Repository |1|"
"Gartencenter","","","",8,1,"AGD |8|"
"Gauhati University","","","",1,1,"DoBeS archive : Tangsa, Tai, Singpho in North East India |1|"
"Gelders Erfgoed, Zutphen","","","",1,1,"CollBank |1|"
"Gemeinderat","","","",1,1,"AGD |1|"
"General Linguistics, Department of Linguistics","","","",1,1,"DoBeS archive : Waimaa team |1|"
"General Linguistics, University of Cologne","","","",11,1,"DoBeS archive : Aru languages |11|"
"Georg August-Universität Göttingen","","","",1,1,"MPI corpora : Acquisition : L2 Acquisition : Miriam Ellert |1|"
"Georg-Eckert-Institut","","","",1,1,"WorldViews |1|"
"Georgetown University","","","",128,1,"MPI corpora : Language and Cognition : mesoamerica : Otomanguean : Sicoli |128|"
"Georgetown University Linguistics","","","",72,1,"MPI corpora : Language and Cognition : mesoamerica : Otomanguean : Sicoli |72|"
"German Research Foundation (DFG)","","","",115,1,"MPI corpora : Acquisition : L2 Acquisition : P-MoLL |115|"
"German Science Foundation (DFG)","","","",1,0,""
"German Telekom, Berlin","","","",1,1,"Bavarian Archive for Speech Signals (BAS) |1|"
"Geschäft","","","",2,1,"AGD |2|"
"Ghent University","","","",3,1,"INT |3|"
"Giellatekno - Saami Language Technology","","","",10,2,"CLARINO Bergen Centre |9| # clarino |1|"
"Giellatekno, Saami Language Technology","","","",13,1,"CLARINO Bergen Centre |13|"
"Goethe University Frankfurt am Main","","","",17,1,"DoBeS archive : Oyda |17|"
"Goethe University Frankfurt, Insititute of Empirical Linguistics","","","",5,1,"DoBeS archive : Khinalug |5|"
"Goethe University Frankfurt, Insittute of Empirical Linguistics","","","",1,1,"DoBeS archive : Khinalug |1|"
"Goethe University Frankfurt, Insitute of Empirical Linguistics","","","",6,1,"DoBeS archive : Khinalug |6|"
"Goethe University Frankfurt, Institue of Empirical Linguistics","","","",1,1,"DoBeS archive : Khinalug |1|"
"Goethe University Frankfurt, Institute for Empirical Linguistics","","","",1,1,"DoBeS archive : Khinalug |1|"
"Goethe University Frankfurt, Institute of Emirical Linguistics","","","",1,1,"DoBeS archive : Khinalug |1|"
"Goethe University Frankfurt, Institute of Empirical Linguistics","","","",442,1,"DoBeS archive : Khinalug |442|"
"Goethe University Frankfurt, Institute of Empirical Linguistics, Germany","","","",2,1,"DoBeS archive : Khinalug |2|"
"Goethe University Frankfurt, Institute of Empirical Linguistics.","","","",1,1,"DoBeS archive : Khinalug |1|"
"Goethe University Frankfurt, Institute of Empirical Lingusitics","","","",4,1,"DoBeS archive : Khinalug |4|"
"Goethe University Frankfurt, TU Darmstadt and Deutsches Institut für Internationale Pädagogische Forschung (DIPF)","","","",1,1,"Semantic Search in Cuneiform Doucments |1|"
"Goethe Universität Frankfurt a.M.","","","",45,1,"DoBeS archive : Akie |45|"
"Goethe Universtiy Frankfurt, Institute of Empirical Linguistics","","","",1,1,"DoBeS archive : Khinalug |1|"
"Goethe-Universität Frankfurt, Institute of Empirical Linguistics","","","",18,1,"DoBeS archive : Khinalug |18|"
"Gothenburg University Library, University of Gothenburg","","","",1,1,"Språkbanken |1|"
"Grundschule - Vorlaufkurs","","","",4,1,"AGD |4|"
"Gurusoft","","","",1,0,""
"Gyldendal","","","",1,1,"CLARINO Bergen Centre |1|"
"Gyldendal, DU and NORLA","","","",1,1,"CLARINO Bergen Centre |1|"
"Gyldendalske Boghandel","","","",1,1,"CLARIN-DK-UCPH Repository |1|"
"Gyldendalske Boghandel - Nordisk Forlag","","","",39,1,"CLARIN-DK-UCPH Repository |39|"
"Hage & Clausens Forlag","","","",1,1,"CLARIN-DK-UCPH Repository |1|"
"Hamburg Centre for Language Corpora","","","",2357,5,"HZSK Webservices |6| # Hamburger Zentrum für Sprachkorpora (HZSK) |42| # Hamburger Zentrum für Sprachkorpora (HZSK) |1|"
"Hamburg Centre for Language Corpora (HZSK)","","","",1,1,"Hamburger Zentrum für Sprachkorpora (HZSK) |1|"
"Hamburg University","","","",15,1,"DoBeS archive : Bayso and Haro |15|"
"Hamburg University / Universitätskolleg","","","",1,1,"Hamburger Zentrum für Sprachkorpora (HZSK) |1|"
"Hamburger Zentrum für Sprachkorpora (HZSK)","","","",22,2,"HZSK: SFB 632 |20| # Hamburger Zentrum für Sprachkorpora (HZSK) |1|"
"Helsingin Sanomat","","","",1,0,""
"Helsinginseutu.fi","","","",1,0,""
"Helsinki University","","","",1,0,""
"Herder-Institut, Universität Leipzig","","","",1,1,"Institut für Deutsche Sprache, CLARIN-D Zentrum, Mannheim |1|"
"Hilfsorganisation","","","",9,1,"AGD |9|"
"Hochschule","","","",28,1,"AGD |28|"
"Hogeschool Gent","","","",4,2,"CollBank |1| # INT |3|"
"Hogeschool Utrecht","","","",435,1,"TLA: IPROSLA sign language acquisition |435|"
"Hoocąk House of Wellness","","","",24,1,"DoBeS archive : Hoocąk |24|"
"Hoocąk Renaissance","","","",1,1,"DoBeS archive : Hoocąk |1|"
"Hoocąk Waaziija Haci Language Division","","","",71,1,"DoBeS archive : Hoocąk |71|"
"Hoocąk House of Wellness","","","",2,1,"DoBeS archive : Hoocąk |2|"
"Hoocąk Waaziija Haci Language Division","","","",57,1,"DoBeS archive : Hoocąk |57|"
"HuComTech","","","",2,1,"Donated Corpora : Hungarian Multimodal Corpus |2|"
"HuComTech research group","","","",1,0,""
"Humanethologisches Filmarchiv der Max-Planck-Gesellschaft und Humanwissenschaftliches Zentrum der Ludwig-Maximilian Universität München","","","",1351,2,"Humanethologisches Filmarchiv |1349| # MPI corpora : Language and Cognition : oceania : Papua New Guinea : Kilivila |2|"
"Humboldt University Berlin","","","",208,8,"Dingler Online |1| # DoBeS archive : Bakola |69| # DoBeS archive : Kola Saami Documentation Project |127|"
"Humboldt-Universität zu Berlin - Nordeuropainstitut","","","",27,1,"Donated Corpora : Pan-Saami Language Archive |27|"
"Humboldt-Universität zu Berlin, Nordeuropa-Institut","","","",6,1,"DoBeS archive : Kola Saami Documentation Project |6|"
"Huygens ING – KNAW","","","",1,1,"Namescape: mapping the onymic landscape |1|"
"Hörfunk","","","",2,1,"AGD |2|"
"Høgskolen i Sør-Trøndelag","","","",1,1,"CLARINO NB – Språkbanken |1|"
"IDS","","","",30,3,"AGD |26| # Archiv für Gesprochenes Deutsch |2| # Institut für Deutsche Sprache, CLARIN-D Zentrum, Mannheim |2|"
"IDS, Forschungsstelle Freiburg","","","",1,1,"AGD |1|"
"IDS-Forschungsstelle Freiburg","","","",1,1,"AGD |1|"
"IIAP","","","",11,1,"DoBeS archive : Gente del Centro - People of the Center |11|"
"ILK, Computational Linguistics","","","",1,1,"Tübingen Language Resources |1|"
"ILR Universität Stuttgart (D)","","","",1,1,"IMS, CLARIN-D Centre, University of Stuttgart |1|"
"ILTEC- Instituto de Linguística Teórica e Computacional","","","",6,1,"CORP-ORAL |6|"
"INT","","","",9,2,"INT |8| # Namescape: mapping the onymic landscape |1|"
"ISP de Kikwit","","","",4,1,"DoBeS archive : Nsambaan, Nsong and Ngong |4|"
"Ibtikarat Team","","","",1,1,"LRT + Open Submissions Data & Tools |1|"
"Ibtikarat team","","","",11,1,"LRT + Open Submissions Data & Tools |11|"
"Ibtikarate","","","",1,1,"LRT + Open Submissions Data & Tools |1|"
"Imam Khomeini International University","","","",1,1,"LRT + Open Submissions Data & Tools |1|"
"Insight Centre for Data Analytics, National University of Ireland, Galway","","","",1,1,"CLARIN.SI data & tools |1|"
"Insituut voor de Nederlandse Taal","","","",1,1,"INT |1|"
"Instituo Roberto Payró, Facultad de Filosofía y Letras","","","",10,1,"DoBeS archive : Chaco languages |10|"
"Institut for Empirical Linguistics, Goethe University Frankfurt, Germany","","","",58,1,"DoBeS archive : Khinalug |58|"
"Institut for Fysik og Astronomi","","","",1,1,"CLARIN-DK-UCPH Repository |1|"
"Institut fuer Allgemeine u. Vergleichende Sprachwissenschaft, University of Kiel","","","",1,1,"DoBeS archive : Marquesan team |1|"
"Institut fuer Phonetik, Ludwig-Maximilians-Universität München","","","",1,1,"Bavarian Archive for Speech Signals (BAS) |1|"
"Institut für Afrikanistik, Universität zu Köln","","","",32,1,"DoBeS archive : Tima |32|"
"Institut für Allgemeine Sprachwissenschaft, Universität zu Köln","","","",646,1,"DoBeS archive : CELD Papua |646|"
"Institut für Allgemeine Sprachwissenschaft, Westfaelische Wilhelms-Universitaet Muenster","","","",28,1,"DoBeS archive : Totoli |28|"
"Institut für Allgemeine Sprachwissenschaft, Westfälische Wilhelms-Universität Münster","","","",10,1,"DoBeS archive : Totoli |10|"
"Institut für Asien- und Afrikawissenschaften, Humboldt-Universität zu Berlin","","","",6,1,"HZSK: SFB 632 |6|"
"Institut für Deusche Sprache","","","",545,1,"Archiv für Gesprochenes Deutsch |545|"
"Institut für Deutsche Sprache Mannheim : Programmbereich Forschungsinfrastrukturen Universität Leipzig : ESF-Nachwuchsgruppe ""Wissensrohstoff Text""","","","",1,1,"Archiv für Gesprochenes Deutsch |1|"
"Institut für Deutsche Sprache, Mannheim","","","",2,1,"HZSK Tools |2|"
"Institut für Empirische Sprachwissenschaft, J. W. Goethe-Universität, Frankfurt","","","",191,1,"DoBeS archive : Aché |191|"
"Institut für Finnougristik & Uralistik, University of Hamburg","","","",3,1,"Donated Corpora : Permic Varieties |3|"
"Institut für Germanistik, Universität Wien","","","",5,1,"HZSK: SFB 632 |5|"
"Institut für Phonetik und Sprachliche Kommunikation, Ludwig-Maximilians-Universität München, Germany","","","",1,1,"Bavarian Archive for Speech Signals (BAS) |1|"
"Institut für Phonetik und Sprachverarbeitung, Ludwig-Maximilians-Universität München","","","",1,1,"Bavarian Archive for Speech Signals (BAS) |1|"
"Institut für deutsche Sprache und Linguistik, Humboldt-Universität zu Berlin","","","",2,1,"HZSK: SFB 632 |2|"
"Institut für deutsche Sprache und Literatur, Akademie der Wissenschaften","","","",2,1,"AGD |2|"
"Institut für deutsche Sprache und Literatur, Akademie der Wissenschaften, Berlin","","","",15,1,"AGD |15|"
"Institute for African Studies, University of Cologne","","","",32,1,"DoBeS archive : Tima |32|"
"Institute for Applied Linguistics, Eurac Research","","","",2,2,"ERCC: Learner Corpora |1| # ERCC: Web Corpora |1|"
"Institute for Basic German, Stanford University","","","",1,1,"AGD |1|"
"Institute for Estonian and General Linguistics","","","",28,1,"DoBeS archive : Enets and Forest Nenets |28|"
"Institute for Language and Speech Processing (ILSP)/ATHENA RC","","","",1,1,"COST elicitationdata |1|"
"Institute for the German Language, Mannheim","","","",2,1,"HZSK Tools |2|"
"Institute for the Languages of Finland","","","",35,0,""
"Institute of Contemporary History","","","",2,1,"CLARIN.SI data & tools |2|"
"Institute of Croatian Language and Linguistics","","","",1,1,"CLARIN.SI data & tools |1|"
"Institute of Estonian and General Linguistics","","","",13,1,"DoBeS archive : Enets and Forest Nenets |13|"
"Institute of Estonian and General Linguistics, University of Tartu","","","",3,1,"DoBeS archive : Enets and Forest Nenets |3|"
"Institute of Formal and Applied Linguistics, Charles University in Prague","","","",1,1,"LINDAT / CLARIN Data & Tools |1|"
"Institute of General Linguistics, University of Zurich","","","",3,1,"MPI corpora : Language and Cognition : southasia : Chintang : Dirksmeyer |3|"
"Institute of Linguistics, University of Leipzig","","","",3,1,"MPI corpora : Language and Cognition : southasia : Chintang : Dirksmeyer |3|"
"Institute of Man–Machine Interaction, RWTH Aachen University","","","",1,1,"Bavarian Archive for Speech Signals (BAS) |1|"
"Institute of Philosophy of the Czech Academy of Sciences","","","",1,1,"LRT + Open Submissions Data & Tools |1|"
"Institute of Phonetic Sciences, ACLC","","","",569,1,"IFA corpus |569|"
"Institute of Phonetic Sciences, University of Amsterdam","","","",569,1,"IFA corpus |569|"
"Institute of Phonetic Sciences/ACLC, University of amsterdam","","","",569,1,"IFA corpus |569|"
"Institute of the Estonian Language","","","",76,1,"Center of Estonian Language Resources |76|"
"Instituto Nacional de Musicología","","","",95,1,"DoBeS archive : Chaco languages |94|"
"Instituto de Investigaciones de la Amazonía Peruana (IIAP)","","","",135,1,"DoBeS archive : Gente del Centro - People of the Center |135|"
"Instituto de Investigaciones de la Amazonía Peruana (IIAP) - Iquitos - Perú","","","",51,1,"DoBeS archive : Gente del Centro - People of the Center |51|"
"Instituto de Lingüística, Facultad de Filosofía y Letras","","","",11,1,"DoBeS archive : Chaco languages |11|"
"Instituto de Lingüística, Facultad de Filosofía y Letras, Universidad de Buenos Aires.","","","",1,1,"DoBeS archive : Chaco languages |1|"
"Instituto de Lingüística,Facultad de Filosofía y Letras,Universidad de Buenos Aires","","","",1,1,"DoBeS archive : Chaco languages |1|"
"Instituto di Scienze e Tecnologie della Cognizione, Rome","","","",1,1,"COST elicitationdata |1|"
"Instituut voor de Nederlandse Taal","","","",3,1,"INT |3|"
"Instituut voor de Nederlandse Taal, IVDNT","","","",1,1,"INT |1|"
"Interdisciplinary Nanoscience Center, Aarhus Universitet","","","",1,1,"CLARIN-DK-UCPH Repository |1|"
"International Barents Secretariat","","","",5,1,"DoBeS archive : Kola Saami Documentation Project |5|"
"International institute for Sign Languages and Deaf Studies (iSLanDS) - University of Central Lancashire","","","",29,1,"Sign Language : Sign Language Typology |29|"
"Irion Technologies BV","","","",1,1,"INT |1|"
"Istituto di Linguistica Computazionale “A. Zampolli” - Consiglio Nazionale delle Ricerche (ILC-CNR)","","","",8,1,"ILC4CLARIN : ILC Data & Tools |8|"
"Jalkanya Primary School","","","",2,1,"DoBeS archive : Chintang and Puma Documentation Project |2|"
"Jalpadevi primary school","","","",1,1,"DoBeS archive : Chintang and Puma Documentation Project |1|"
"Jazykovedný ústav Ľ. Štúra Slovenskej akadémie vied","","","",1,1,"LINDAT / CLARIN Data & Tools |1|"
"Johann Wolfgang Goethe Universität Frankfurt","","","",236,2,"DoBeS archive : Aché |191| # DoBeS archive : Akie |45|"
"Johann Wolfgang-Goethe-Universität, FB 3/Gesellschaftswissenschaften","","","",1,1,"AGD |1|"
"Johannes V. Jensen-centret, Aarhus Universitet","","","",1,1,"CLARIN-DK-UCPH Repository |1|"
"Joint Research Centre of the EU","","","",1,1,"CLARIN-DK-UCPH Repository |1|"
"Jožef Stefan Institute","","","",51,1,"CLARIN.SI data & tools |51|"
"Jugendhaus in einer ländlichen Kleinstadt","","","",6,1,"AGD |6|"
"JyskeBank","","","",4,1,"CLARIN-DK-UCPH Repository |4|"
"Jyväskylän yliopisto","","","",25,0,""
"K.U.Leuven","","","",3,1,"INT |3|"
"KOC University","","","",4,1,"MPI corpora : Language and Cognition : Gesture Projects : Ozyurek |4|"
"KTU","","","",1,1,"CLARIN-LT |1|"
"Kaldera språkteknologi AS","","","",2,1,"CLARINO NB – Språkbanken |2|"
"Kanamkek Yile Ngalla, Wadeye Aboriginal Languages Centre","","","",2,1,"MPI corpora : Language and Cognition : australia : Murrinh-Patha : Blythe |2|"
"Karl-Franzens-Universität Graz","","","",9,1,"DoBeS archive : Jaminjungan and Eastern Ngumpin |9|"
"Katherine Language Centre","","","",4,1,"DoBeS archive : Jaminjungan and Eastern Ngumpin |4|"
"Katholieke Universiteit Leuven","","","",1,1,"INT |1|"
"Katholieke Universiteit Leuven (CCL)","","","",1,1,"CollBank |1|"
"Katholieke Universiteit Leuven (K.U.Leuven)","","","",1,1,"INT |1|"
"Katholische Universität Eichstätt","","","",32,1,"AGD |32|"
"Kepa","","","",2,0,""
"Kerstin Dahlbäck","","","",1,1,"Språkbanken |1|"
"Kiel University","","","",14,1,"DoBeS archive : Vurës and Vera'a |14|"
"Kielikone","","","",2,0,""
"Kindertagesstätte","","","",20,1,"AGD |20|"
"Kirche","","","",2,1,"AGD |2|"
"Koenraad Kuiper University of Canterbury, Christchurch, New Zealand","","","",1,1,"Donated Corpora : Slips of the tongue data |1|"
"Koninklijke Kentalis","","","",16,2,"CLARIN NL : VALID |15| # CollBank |1|"
"Kotimaisten kielten keskus","","","",38,0,""
"Krankenhaus","","","",9,1,"AGD |9|"
"Krankenkasse","","","",1,1,"AGD |1|"
"Kókinos, madrid","","","",1,1,"CLARINO Bergen Centre |1|"
"Københavns Universitet, Niels Bohr Institutet","","","",1,1,"CLARIN-DK-UCPH Repository |1|"
"LEGO","","","",3,1,"CLARIN-DK-UCPH Repository |3|"
"LESC-CNRS","","","",5,1,"DoBeS archive : Cashinahua project |5|"
"LUCL","","","",42,1,"DoBeS archive : Bakola |42|"
"LUCL Leiden, African Studies Centre Leiden","","","",3,1,"DoBeS archive : Oyda |3|"
"Laboratoire Dynamique du Langage, UMR5596, CNRS & Université Lyon Lum","","","",2,1,"DoBeS archive : Even |2|"
"Laboratoire Dynamique du Langage, UMR5596, CNRS & Université Lyon Lumière 2","","","",14,1,"DoBeS archive : Even |14|"
"Laboratoire d'Anthropologie Sociale, Paris","","","",459,1,"DoBeS archive : Yurakaré |459|"
"Laboratoire d'Anthropologie Sociale, Paris.","","","",4,1,"DoBeS archive : Yurakaré |4|"
"Laboratoire d'ethnologie et de sociologie comparative (UMR 7186)","","","",83,1,"DoBeS archive : Cashinahua project |83|"
"Laboratoire d’Anthropologie Sociale, Paris.","","","",174,1,"DoBeS archive : Yurakaré |174|"
"Language Department of the Katholieke Universiteit Nijmegen (KUN)","","","",1,1,"CollBank |1|"
"Language Technology Lab, University of Duisburg-Essen","","","",2,2,"DKPro Similarity |1| # DKPro TC |1|"
"Language and computing NV","","","",1,1,"INT |1|"
"Lateinamerika-Institut, Berlin","","","",6,1,"DoBeS archive : Baure |2|"
"Leibniz-Institut für Neurobiologie","","","",1,1,"Bavarian Archive for Speech Signals (BAS) |1|"
"Leiden University","","","",231,19,"CollBank |2| # DoBeS archive : Aru languages |72| # DoBeS archive : Kola Saami Documentation Project |2|"
"Leiden University, LIAS and the Department of Cultural Anthropology","","","",2,1,"Leiden Archives : Middle East : Kurdish |2|"
"Lengua de Trapo, Madrid","","","",1,1,"CLARINO Bergen Centre |1|"
"Leqtor, Barcelona","","","",1,1,"CLARINO Bergen Centre |1|"
"Leuphana University Lüneburg / Schreibzentrum","","","",1,1,"Hamburger Zentrum für Sprachkorpora (HZSK) |1|"
"Leuphana Universität Lüneburg / Writing Center","","","",1,1,"Hamburger Zentrum für Sprachkorpora (HZSK) |1|"
"Lexical Computing","","","",1,1,"LINDAT / CLARIN Data & Tools |1|"
"Libris","","","",2,1,"CLARIN-DK-UCPH Repository |2|"
"Lingit AS","","","",1,1,"CLARINO NB – Språkbanken |1|"
"Lingsoft","","","",13,0,""
"Linguistic Department Radboud University Nijmegen","","","",1,1,"CollBank |1|"
"Linguistics and Cultures, School of Languages","","","",448,1,"DoBeS archive : Jaminjungan and Eastern Ngumpin |448|"
"Linguistics, UC Berkeley","","","",24,1,"Donated Corpora : Esan Corpus |24|"
"Lingüística, CCH, Museu P.E. Goeldi","","","",186,1,"DoBeS archive : Sudeste de Rondonia - Southeastern Rondonia |186|"
"Linköping University","","","",1,1,"LRT + Open Submissions Data & Tools |1|"
"Lionbridge","","","",3,0,""
"Lomonosov Moscow State University","","","",1,0,""
"Ludwig Maximilian University Munich","","","",4,1,"IMS, CLARIN-D Centre, University of Stuttgart |4|"
"Ludwig-Maximilians-Universität München","","","",8,4,"Bavarian Archive for Speech Signals (BAS) |2| # DoBeS archive : Kola Saami Documentation Project |1| # DoBeS archive : Minderico |1|"
"Ludwig-Maximilians-Universität, LIPP","","","",2,2,"AGD |1| # Archiv für Gesprochenes Deutsch |1|"
"Ludwig-Uhland-Institut","","","",1,1,"Ludwig-Uhland-Institut für Empirische Kulturwissenschaft |1|"
"Lumen, Barcelona","","","",1,1,"CLARINO Bergen Centre |1|"
"Lundbeck","","","",2,1,"CLARIN-DK-UCPH Repository |2|"
"Lungleng Primary School","","","",5,1,"DoBeS archive : Chintang and Puma Documentation Project |5|"
"MENOTA - Medieval Nordic Text Archive","","","",1,1,"CLARINO Bergen Centre |1|"
"MPEG, NWO, RUN","","","",6,1,"DoBeS archive : Sudeste de Rondonia - Southeastern Rondonia |6|"
"MPG","","","",9,2,"DoBeS archive : Marquesan team |1| # MPI corpora : Language and Cognition : oceania : Papua New Guinea : Kilivila |7|"
"MPI","","","",189,14,"DoBeS archive : Savosavo and Gela |10| # DoBeS archive : Tsafiki project |1| # DoBeS archive : Yurakaré |12|"
"MPI and Radboud University Centre for Language Studies","","","",2,1,"Donated Corpora : ACORNS |1|"
"MPI f. evol. Anthropologie","","","",46,1,"DoBeS archive : Cashinahua project |46|"
"MPI for Evolutianary Anthropology","","","",14,1,"DoBeS archive : Even |14|"
"MPI for Evolutionary Anthropology","","","",1,1,"DoBeS archive : Even |1|"
"MPI for Evolutionary Anthropology, MPG","","","",1,1,"DoBeS archive : Even |1|"
"MPI for Human Development, MPG","","","",2745,1,"MPI für Bildungsforschung |2745|"
"MPI for Psycholinguistics (Nijmegen, Netherlands), University of Kiel (Germany)","","","",1,1,"DoBeS archive : Marquesan team |1|"
"MPI für Bildungsforschung, MPG","","","",2201,2,"Humanethologisches Filmarchiv |1| # MPI für Bildungsforschung |2200|"
"MPI für Evolutionäre Anthropologie, MPG","","","",158,2,"DoBeS archive : Even |11| # DoBeS archive : Savosavo and Gela |147|"
"MPI-EVA Jakarta Field Station","","","",395,1,"MPI EVA corpora : Jakarta Field Station |394|"
"MPI-EVA Leipzig","","","",1,1,"DoBeS archive : Kola Saami Documentation Project |1|"
"MPI-Leipyig","","","",11,1,"DoBeS archive : Bena Bena |11|"
"Madibas Primary School","","","",1,1,"DoBeS archive : Chintang and Puma Documentation Project |1|"
"Madison University","","","",6,1,"DoBeS archive : Hoocąk |6|"
"Maersk","","","",4,1,"CLARIN-DK-UCPH Repository |4|"
"Maeva, Madrid","","","",1,1,"CLARINO Bergen Centre |1|"
"Magasinet Ejendom","","","",1,1,"CLARIN-DK-UCPH Repository |1|"
"Magdeburg-Stendal University of Applied Sciences","","","",3,1,"Sign Language : ECHO - Sign Language |3|"
"Mangamania/Melos","","","",1,1,"CLARIN-DK-UCPH Repository |1|"
"Mantan Kepala Dinas Pariwisata Toli-Toli, Mantan Kepala Dikjar Toli-Toli","","","",19,1,"DoBeS archive : Totoli |19|"
"Masaryk University, Brno","","","",1,1,"LINDAT / CLARIN Data & Tools |1|"
"Matteo Grella","","","",5,2,"LINDAT / CLARIN Data & Tools |1| # LRT + Open Submissions Data & Tools |4|"
"Max Planck Institut für Psychlinguistik","","","",11,2,"MPI corpora : Acquisition : L1 Acquisition : Stoll corpora |2| # MPI corpora : Language and Cognition : northamerica : inuktitut : Allen |9|"
"Max Planck Institute Nijmegen","","","",6,0,""
"Max Planck Institute for Evolutionary Anthropology","","","",2086,7,"DoBeS archive : Cashinahua project |193| # DoBeS archive : Even |81| # DoBeS archive : Hoocąk |95|"
"Max Planck Institute for Psycho-Linguistics","","","",1,1,"Donated Corpora : Slips of the tongue data |1|"
"Max Planck Institute for Psycholinguistics","","","",9412,110,"CLARIN Virtual Collection Registry |2| # CollBank |2| # DBD |3|"
"Max Planck Institute for Psycholinguistics & Max Planck Institute for Evolutionary Anthropology","","","",8,1,"DoBeS archive : Even |8|"
"Max Planck Institute for Psycholinguistics (Nijmegen)","","","",1,0,""
"Max Planck Institute for Psycholinguistics (Nijmegen, the Netherlands)","","","",5,2,"MPI corpora : Language and Cognition : europe : Dutch : Majid |2| # MPI corpora : Language and Cognition : northamerica : English : Majid |1|"
"Max Planck Institute for Psycholinguistics, Nijmegen, The Netherlands","","","",2,2,"DoBeS archive : Kurumba |1| # MPI corpora : Psychology of Language : MentalMath |1|"
"Max Planck Institute for Psycholinguistics, Nijmegen, the Netherlands","","","",1,1,"MPI corpora : Neurogenetics of Vocal Communication |1|"
"Max Planck Institute for Psycholinguistics, Nilmegen, The Netherlands","","","",1,1,"DoBeS archive : Kurumba |1|"
"Max Planck Institute for Psycholinguistik","","","",1,0,""
"Max Planck Institute, Nijmegen","","","",7,2,"INT |2| # MPI corpora : Neurobiology of language : IBIG2 |5|"
"Max Planck Instute for Psycholinguistics","","","",3,1,"MPI corpora : Language and Cognition : Projects : Breathing |3|"
"Max Plank Institue, Nijmegen, the Netherlands","","","",1,1,"DoBeS archive : Kurumba |1|"
"Max-Planck-Institut für Psycholinguistik","","","",345,3,"MPI corpora : Acquisition : L1 Acquisition : Anke Jolink |101| # MPI corpora : Language and Cognition : Gesture Projects : Sassenberg |37| # MPI corpora : Language and Cognition : africa : Goemai : Hellwig |207|"
"Max-Planck-Institute for Evolutionary Anthropology","","","",7,1,"DoBeS archive : Cashinahua project |7|"
"Max-Planck-Institüt für Psucholinguïstik","","","",4,1,"MPI corpora : Language and Cognition : oceania : Papua New Guinea : Yele |4|"
"Max-Planck-Institüt für Psychlinguïstik","","","",5,1,"MPI corpora : Language and Cognition : oceania : Papua New Guinea : Yele |5|"
"Max-Planck-Institüt für Psycholinguïstiek","","","",1,1,"MPI corpora : Language and Cognition : oceania : Papua New Guinea : Yele |1|"
"Max-Planck-Institüt für Psycholinguïstik","","","",177,1,"MPI corpora : Language and Cognition : oceania : Papua New Guinea : Yele |177|"
"Meertens Institute","","","",4,3,"CollBank |2| # Meertens Collection: GBA-derived |1| # Meertens Collections: ToolService |1|"
"Meertens Instituut","","","",127,5,"DBD |94| # Meertens Collection: Diversity in Dutch DP Design (DiDDD) |1| # Meertens Collection: Dynamische Fonologische en Morfologische Atlas van de Nederlandse Dialecten (GTRP) |1|"
"Meertens Instituut-KNAW","","","",1,1,"CollBank |1|"
"Mesoamerican Studies, Archaeological Institute","","","",26,1,"DoBeS archive : Chontal |26|"
"Mikkeli University of Applied Sciences","","","",1,0,""
"Miljøstyrelsen","","","",2,1,"CLARIN-DK-UCPH Repository |2|"
"Ministeriet for Sundhed og Forebyggelse","","","",1,1,"CLARIN-DK-UCPH Repository |1|"
"Ministry of Foreign Affairs","","","",2,1,"CLARINO NB – Språkbanken |2|"
"Mirima Dawang Woorlab-gerring, Kununurra","","","",1,1,"DoBeS archive : Jaminjungan and Eastern Ngumpin |1|"
"Monash University","","","",413,3,"AGD |1| # Archiv für Gesprochenes Deutsch |1| # DoBeS archive : Saliba/Logea |411|"
"Monash University Melbourne","","","",8,1,"AGD |8|"
"Mondadori, Barcelona","","","",1,1,"CLARINO Bergen Centre |1|"
"Musikhochschule","","","",1,1,"AGD |1|"
"Mykolas Romeris University","","","",1,1,"CLARIN-LT |1|"
"N, A","","","",77,6,"CLARIN-DK-UCPH Repository |4| # CollBank |3| # DoBeS archive : Chintang and Puma Documentation Project |1|"
"N/A","","","",84,3,"COST elicitationdata |7| # DoBeS archive : Chintang and Puma Documentation Project |76| # MPI corpora : Language and Cognition : southasia : Chintang : Dirksmeyer |1|"
"NHH Norwegian School of Economics","","","",8,1,"CLARINO Bergen Centre |8|"
"NISV","","","",1,1,"CollBank |1|"
"NLP Centre, Masaryk university","","","",12,2,"LINDAT / CLARIN Data & Tools |11| # LRT + Open Submissions Data & Tools |1|"
"NORDEN","","","",7,1,"CLARIN-DK-UCPH Repository |7|"
"Nachhilfeverein","","","",1,1,"AGD |1|"
"Nano DTU","","","",1,1,"CLARIN-DK-UCPH Repository |1|"
"Nasjonalbiblioteket","","","",41,2,"CLARINO NB – Språkbanken |39| # Clarino Bergen Centre - INESS |2|"
"Nasjonalt senter for skriveopplæring og skriveforsking","","","",1,1,"Clarino - Textlab |1|"
"National Library of Finland","","","",3,0,""
"National Library of Norway","","","",41,2,"CLARINO NB – Språkbanken |39| # Clarino Bergen Centre - INESS |2|"
"National Research University Higher School of Economics","","","",1,0,""
"National University of Engineering, Peru","","","",1,1,"LINDAT / CLARIN Data & Tools |1|"
"National library of Norway","","","",37,1,"CLARINO NB – Språkbanken |37|"
"Nationalmuseet. Danmarks Nyere Tid","","","",6631,1,"CLARIN-DK-UCPH Repository |6631|"
"Natural Language Processing Centre, Faculty of Informatics","","","",3,1,"LINDAT / CLARIN Data & Tools |3|"
"Natural Language Processing Centre, Faculty of Informatics, Masaryk University","","","",2,1,"LINDAT / CLARIN Data & Tools |2|"
"Nederlandse Taalunie","","","",2,1,"CollBank |2|"
"Nicht dokumentiert","","","",8,1,"AGD |8|"
"Nicht vorhanden","","","",74,1,"AGD |74|"
"Nijmeegse Centrale voor Dialect- en Naamkunde (NCDN)","","","",1,1,"CollBank |1|"
"No","","","",10,1,"DoBeS archive : Chintang and Puma Documentation Project |10|"
"Nordeuropa-Institut, Humboldt-Universität zu Berlin","","","",5,1,"DoBeS archive : Kola Saami Documentation Project |5|"
"Nordic Entertainment (ipr holder of the videos)","","","",1,1,"Clarino - Textlab |1|"
"Nordisk språkteknologi holding AS","","","",14,1,"CLARINO NB – Språkbanken |14|"
"Norges Handelshøyskole","","","",8,1,"CLARINO Bergen Centre |8|"
"Norges arktiske universitet","","","",13,1,"CLARINO Bergen Centre |13|"
"Norges teknisk-naturvitenskapelige universitet","","","",2,2,"CLARINO NB – Språkbanken |1| # Clarino - Textlab |1|"
"Northern Lands Council","","","",1,1,"DoBeS archive : Jaminjungan and Eastern Ngumpin |1|"
"Northern Territory Park and Wildlife","","","",4,1,"DoBeS archive : Jaminjungan and Eastern Ngumpin |4|"
"Norwegian Biodiversity Information Centre","","","",1,1,"CLARINO Bergen Centre |1|"
"Norwegian University of Science and Technology","","","",2,2,"CLARINO NB – Språkbanken |1| # Clarino - Textlab |1|"
"NovoNordisk","","","",1,1,"CLARIN-DK-UCPH Repository |1|"
"Nuance Communications International, Merelbeke","","","",2,1,"INT |2|"
"OPIAC","","","",13,1,"DoBeS archive : Cashinahua project |13|"
"ORDELORETO","","","",7,1,"DoBeS archive : Gente del Centro - People of the Center |7|"
"Office of the Parliamentary Ombudsman","","","",1,0,""
"Official Journal of the European Union","","","",6,1,"Clarino Bergen Centre - INESS |6|"
"Offizielle Schlichtungskommission zum Projekt Stuttgart 21","","","",5,1,"AGD |5|"
"Ohio State University, Columbus","","","",1,1,"Tübingen Language Resources |1|"
"Oktober","","","",1,1,"CLARINO Bergen Centre |1|"
"Omrop Fryslan","","","",2,1,"CollBank |2|"
"Omsker Staatliches Pädagogisches Gorki-Institut/ Universität Tomsk","","","",1,1,"Archiv für Gesprochenes Deutsch |1|"
"Open Richly Annotated Cuneiform Corpus Project","","","",1,0,""
"OpenOffice.org","","","",1,1,"CLARIN-DK-UCPH Repository |1|"
"Otto-Friedrich-Universität Bamberg","","","",1,0,""
"Otto-von-Guericke-Universität Magdeburg","","","",1,1,"Bavarian Archive for Speech Signals (BAS) |1|"
"PARSEME","","","",2,1,"LRT + Open Submissions Data & Tools |2|"
"PIKITSA","","","",92,1,"DoBeS archive : Tsafiki project |92|"
"PIKITSA y FLACSO","","","",20,1,"DoBeS archive : Tsafiki project |20|"
"PT-Controlnet Oy","","","",4,0,""
"ParaCrawl","","","",1,1,"LRT + Open Submissions Data & Tools |1|"
"Personalberatung","","","",2,1,"AGD |2|"
"Petrozavodsk State University","","","",1,0,""
"Phonogrammarchiv der Universität Zürich","","","",1,1,"Phonogrammarchiv der Universität Zürich |1|"
"Phonogrammarchiv, Vienna","","","",67,1,"DoBeS archive : Tangsa, Tai, Singpho in North East India |67|"
"Pigeon Hole School","","","",8,1,"DoBeS archive : Jaminjungan and Eastern Ngumpin |8|"
"Po Box 47, Yaoundé-Cameroon","","","",9,1,"DoBeS archive : Bakola |9|"
"Polizei","","","",8,1,"AGD |8|"
"Potsdam University","","","",1,1,"IMS, CLARIN-D Centre, University of Stuttgart |1|"
"Project Gutenberg","","","",1,0,""
"Project of the month, BBAW","","","",1,1,"Digitales Wörterbuch der deutschen Sprache (DWDS) |1|"
"Prophet River First Nation","","","",1,1,"DoBeS archive : Beaver Archive |1|"
"Prosjektet Talemålsundersøkelsen i Oslo (1971-1976)","","","",1,1,"Clarino - Textlab |1|"
"Purdue University, USA - Linguistics Dept.","","","",95,2,"MPI corpora : Language and Cognition : Sign Language : Ozyurek |63| # Sign Language : VIDI Sign space project |32|"
"QT21 project","","","",1,1,"LRT + Open Submissions Data & Tools |1|"
"Quality and Usability Lab, Institut für Softwaretechnik und Theoretische Informatik, Technische Universität Berlin","","","",1,1,"Bavarian Archive for Speech Signals (BAS) |1|"
"Queen Margaret University College","","","",1,1,"Bavarian Archive for Speech Signals (BAS) |1|"
"RWAAI","","","",32,1,"DoBeS archive : Semoq Beri and Batek |32|"
"RWTH Aachen University, Human Technology Centre, Natural Media Lab","","","",1,1,"Bavarian Archive for Speech Signals (BAS) |1|"
"Radboud University","","","",6,2,"CLARIN Virtual Collection Registry |1| # CollBank |2|"
"Radboud University Nijmegen","","","",412,13,"CLARIN NL : VALID |4| # CollBank |1| # DBD |21|"
"Radboud University, Nijmegen","","","",1,1,"Sign Language : Sign Language Lexica |1|"
"Radboud university Nijmegen","","","",1,1,"CollBank |1|"
"ReN-Team","","","",2,1,"Hamburger Zentrum für Sprachkorpora (HZSK) |2|"
"ReadSpeaker Holding B.V.","","","",7,0,""
"Referenzkorpus Mittelhochdeutsch","","","",108,1,"Referenzkorpus Mittelhochdeutsch (1050–1350) |108|"
"Regensburg University","","","",157,2,"DoBeS archive : Hoocąk |97| # DoBeS archive : Hoocąk |60|"
"Regional Linguistic Data Initiative Centre ReLDI","","","",1,1,"CLARIN.SI data & tools |1|"
"Renet Oy Remote Network Ltd.","","","",1,0,""
"Research Centre Europe","","","",1,1,"Tübingen Language Resources |1|"
"Research Centre for Linguistic Typology","","","",302,1,"DoBeS archive : Tangsa, Tai, Singpho in North East India |302|"
"Research Centre for Linguistic Typology, La Trobe University","","","",483,1,"DoBeS archive : Tangsa, Tai, Singpho in North East India |483|"
"Research GmbH, Heidelberg","","","",1,1,"Tübingen Language Resources |1|"
"Rijksuniversiteit Groningen","","","",2,1,"INT |2|"
"Rijksuniversiteit Leiden","","","",2,1,"MPI corpora : Language and Cognition : southamerica : Tiriyo : Meira |1|"
"Royal Netherlands Academy of Arts and Sciences","","","",1,0,""
"Ruhr-University Bochum, Department of Linguistics","","","",587,2,"DoBeS archive : Gente del Centro - People of the Center |126| # DoBeS archive : Waimaa team |461|"
"Ruhr-Universität Bochum","","","",112,1,"DoBeS archive : Waimaa team |112|"
"Rundfunk","","","",16,1,"AGD |16|"
"Russian State University for the Humanities","","","",1,0,""
"SAVS","","","",35,1,"DoBeS archive : Teop |35|"
"SBI","","","",1,1,"CLARIN-DK-UCPH Repository |1|"
"SDA Church at Ienemakel","","","",4,1,"MPI corpora : Language and Cognition : oceania : Vanuatu : Whitesands |4|"
"SDU","","","",1,1,"INT |1|"
"SIL","","","",5,2,"CollBank |1| # DoBeS archive : Bakola |4|"
"SKAT","","","",2,1,"CLARIN-DK-UCPH Repository |2|"
"SOAS","","","",82,1,"DoBeS archive : Bainounk |82|"
"SPEX (Radboud University Nijmegen)","","","",1,1,"CollBank |1|"
"STAR AG","","","",1,0,""
"SWISSAID","","","",7,1,"DoBeS archive : Gente del Centro - People of the Center |7|"
"Saarland University","","","",2,2,"Clarino Bergen Centre - INESS |1| # IMS, CLARIN-D Centre, University of Stuttgart |1|"
"Saarland University, Saarbrücken, Germany","","","",1,1,"IMS, CLARIN-D Centre, University of Stuttgart |1|"
"Sanako","","","",1,0,""
"Sanalogia","","","",1,0,""
"Sanastokeskus TSK","","","",1,0,""
"Sandstone Oy","","","",2,0,""
"School of Arts, Languages and Cultures, University of Manchester","","","",10,1,"DoBeS archive : Jaminjungan and Eastern Ngumpin |10|"
"School of Languages, Linguistics and Cultures, University of Manchester","","","",534,1,"DoBeS archive : Jaminjungan and Eastern Ngumpin |534|"
"Schule","","","",3,1,"AGD |3|"
"Se suicidó en 2007","","","",1,1,"DoBeS archive : Gente del Centro - People of the Center |1|"
"Seminar für Deutsche Philologie","","","",1,1,"MPI corpora : Acquisition : L2 Acquisition : Miriam Ellert |1|"
"Shubha Kamal Lower Secondary School","","","",1,1,"DoBeS archive : Chintang and Puma Documentation Project |1|"
"Sinebrychoff Art Museum","","","",1,0,""
"Siruela, Madrid","","","",1,1,"CLARINO Bergen Centre |1|"
"Skandinavisches Seminar / Universität Freiburg","","","",1,1,"Donated Corpora : Pan-Saami Language Archive |1|"
"Slovenian Academy of Sciences and Arts","","","",1,1,"CLARIN.SI data & tools |1|"
"Slovenian Ministry of Education, Science and Sport","","","",1,1,"Clarino Bergen Centre - INESS |1|"
"Sonderforschungsbereich 245: Sprechen und Sprachverstehen im sozialen Kontext","","","",3,1,"AGD |3|"
"Sorbisches Institut","","","",255,1,"DoBeS archive : Lower Sorbian |255|"
"Sorbisches Institut (Cottbus)","","","",255,1,"DoBeS archive : Lower Sorbian |255|"
"Sorbisches Institut (Zweigstelle Cottbus)","","","",2,1,"DoBeS archive : Lower Sorbian |2|"
"Soziale Einrichtung","","","",6,1,"AGD |6|"
"Spartacus","","","",1,1,"CLARINO Bergen Centre |1|"
"Sprachwissenschaftliches Institut, Universität Bochum","","","",13,1,"DoBeS archive : Totoli |13|"
"Språkbanken, University of Gotehenburg","","","",1,1,"Språkbanken |1|"
"Språkbanken, University of Gothenburg","","","",78,1,"Språkbanken |78|"
"Språkbanken, the Swedish Language Bank","","","",1,0,""
"Språkrådet","","","",2,1,"CLARINO NB – Språkbanken |2|"
"Standard Norge","","","",1,1,"CLARINO NB – Språkbanken |1|"
"Standards Norway","","","",1,1,"CLARINO NB – Språkbanken |1|"
"Statens Byggeforskningsinstitut","","","",2,1,"CLARIN-DK-UCPH Repository |2|"
"Stirling University","","","",1,1,"DoBeS archive : Chipaya project |1|"
"Stockholm University","","","",4,2,"MPI corpora : Demo |1| # Sign Language : ECHO - Sign Language |3|"
"Strindbergsprojektet","","","",1,1,"Språkbanken |1|"
"Sunda Systems Oy","","","",1,0,""
"Sundhedsstyrelsen","","","",1,1,"CLARIN-DK-UCPH Repository |1|"
"Syslore","","","",1,0,""
"Széchényi-Nationalbibliothek","","","",1,1,"Deutsches Textarchiv (1600–1900) |1|"
"Sächsische Landesbibliothek – Staats- und Universitätsbibliothek Dresden","","","",1,1,"Dingler Online |1|"
"Søfartsstyrelsen","","","",2,1,"CLARIN-DK-UCPH Repository |2|"
"Sør-Trøndelag University College","","","",1,1,"CLARINO NB – Språkbanken |1|"
"T.U.","","","",96,1,"DoBeS archive : Chintang and Puma Documentation Project |96|"
"T.U>","","","",1,1,"DoBeS archive : Chintang and Puma Documentation Project |1|"
"TDC","","","",3,1,"CLARIN-DK-UCPH Repository |3|"
"TST-Centrale/INL","","","",1,1,"CollBank |1|"
"Talen en Culturen, Blandijnberg 2, 9000 Gent","","","",1,1,"DoBeS archive : Nsambaan, Nsong and Ngong |1|"
"TalkingHome","","","",1,1,"INT |1|"
"Tallinn University of Technology","","","",14,1,"Center of Estonian Language Resources |14|"
"Taraz State University","","","",12,0,""
"Tartu Ülikool","","","",56,1,"Center of Estonian Language Resources |56|"
"Technische Universiteit Eindhoven","","","",1,1,"INT |1|"
"Technische Universität Darmstadt","","","",6,1,"LRT + Open Submissions Data & Tools |6|"
"Teknologisk Institut, Murværk og Byggekomponenter","","","",1,1,"CLARIN-DK-UCPH Repository |1|"
"TeleAtlas","","","",2,1,"INT |2|"
"Telenor","","","",1,1,"CLARINO NB – Språkbanken |1|"
"Text-Technology Lab, Goethe University Frankfurt","","","",1,1,"TextImager |1|"
"Texttechnology Lab, Goethe University Frankfurt","","","",1,1,"TextImager |1|"
"The Bank of Finnish Terminology in Arts and Sciences","","","",1,0,""
"The Centre for Interpreting Services for the Disabled","","","",1,0,""
"The Chinese University of Hong Kong","","","",9,1,"Sign Language : Sign Language Typology |9|"
"The Church Council of the Evangelical Lutheran Church of Finland","","","",3,0,""
"The Danish Parliament","","","",1,1,"CLARIN-DK-UCPH Repository |1|"
"The Danish eHealth Portal, Copenhagen, Denmark","","","",1,1,"CLARIN-DK-UCPH Repository |1|"
"The Divvun group at UiT","","","",9,1,"CLARINO Bergen Centre |9|"
"The Dutch Language Union","","","",1,1,"CollBank |1|"
"The Dutch Language Union (Nederlandse Taalunie)","","","",2,0,""
"The Finnish Association of the Deaf","","","",1,0,""
"The Finnish Literature Society","","","",2,0,""
"The Finnish Social Insurance Institution","","","",1,0,""
"The Grundtvig Centre","","","",1,1,"CLARIN-DK-UCPH Repository |1|"
"The Institute for the Languages of Finland","","","",3,0,""
"The Mari Web Project","","","",1,0,""
"The Matriculation Examination Board","","","",2,0,""
"The National Herbarium of Papua New Guinea in Lae","","","",2,1,"DoBeS archive : Morehead |2|"
"The National Library of Sweden","","","",10,1,"Språkbanken |10|"
"The Norwegian Association of Higher Education Institutions","","","",2,1,"CLARINO Bergen Centre |2|"
"The Norwegian Centre for Writing Education and Research","","","",1,1,"Clarino - Textlab |1|"
"The PROIEL Treebank","","","",1,1,"CLARINO Bergen Centre |1|"
"The Parliament of Finland","","","",3,0,""
"The Peter Skautrup Centre, Aarhus University","","","",1,1,"CLARIN-DK-UCPH Repository |1|"
"The Research Group in Clinical Linguistics and Language Acquisition","","","",1,1,"Clarino - Textlab |1|"
"The Text Laboratory","","","",18,1,"Clarino - Textlab |18|"
"The Verbal Art Foundation","","","",4,0,""
"The arctic university of Norway","","","",13,1,"CLARINO Bergen Centre |13|"
"The language council of Norway","","","",2,1,"CLARINO NB – Språkbanken |2|"
"The researchers of the Jipemoyo project","","","",1,0,""
"The verbal Art Foundation, Utrecht, The Netherlands","","","",37,1,"Donated Corpora : Vodun_Stories |37|"
"Theater","","","",1,1,"AGD |1|"
"Tiden - Oktober","","","",1,1,"CLARINO Bergen Centre |1|"
"Tierpark","","","",4,1,"AGD |4|"
"Tilburg University","","","",185,3,"CollBank |1| # DBD |180| # INT |4|"
"Tilburg University (ILK)","","","",1,1,"CollBank |1|"
"Tilburg University, University of Nijmegen","","","",2,1,"DBD |2|"
"Tilde Eesti OÜ","","","",1,1,"Center of Estonian Language Resources |1|"
"Timehouse","","","",2,0,""
"Tribhuvan University","","","",171,1,"DoBeS archive : Chintang and Puma Documentation Project |171|"
"Trojina, Institute for Applied Slovene Studies","","","",3,1,"CLARIN.SI data & tools |3|"
"Twente University","","","",1,1,"CollBank |1|"
"Tübinger Arbeitsstelle Sprache in Südwestdeutschland","","","",4,2,"AGD |2| # Institut für Deutsche Sprache, CLARIN-D Zentrum, Mannheim |2|"
"UBA","","","",15,1,"DoBeS archive : Chaco languages |15|"
"UCSD","","","",19,3,"MPI corpora : Language and Cognition : australia : Cape York Peninsula : Guugu Yimithirr : Hopevale |2| # MPI corpora : Language and Cognition : australia : Guugu Yimithirr : Hopevale |11| # MPI corpora : Language and Cognition : mesoamerica : Tzeltal : John Haviland |4|"
"UFAL, Charles University in Prague","","","",52,1,"LINDAT / CLARIN Data & Tools |52|"
"UKP Lab, Technische Universität Darmstadt","","","",8,8,"DKPro C4CorpusTools |1| # DKPro Core |1| # DKPro Lab |1|"
"UMR 5596 – CNRS & Université Lumière Lyon 2 Laboratoire Dynamique du Langage","","","",3,1,"DoBeS archive : Even |3|"
"UMR 7535, Centre National de la Recherche Scientifique","","","",14,1,"DoBeS archive : Trumai |14|"
"UNI Research","","","",4,1,"CLARINO NB – Språkbanken |4|"
"UiL-OTS, University of Utrecht","","","",1,1,"CollBank |1|"
"Ulm University","","","",1,1,"IMS, CLARIN-D Centre, University of Stuttgart |1|"
"Ulrik Brinck","","","",1,1,"CLARIN-DK-UCPH Repository |1|"
"Uni Research AS","","","",11,5,"CLARINO Bergen Centre |1| # CLARINO UiB - Corpuscle |4| # Clarino - Textlab |1|"
"Unicamp, Campinas, Brazil","","","",73,1,"DoBeS archive : Aché |73|"
"Uniersite Paris 7","","","",135,1,"DoBeS archive : Jaminjungan and Eastern Ngumpin |135|"
"Universal Dependencies Consortium","","","",10,1,"LINDAT / CLARIN Data & Tools |10|"
"Universidad Nacional de Colombia","","","",84,1,"DoBeS archive : Gente del Centro - People of the Center |84|"
"Universidad Nacional de Colombia - Sede Amazonia","","","",72,1,"DoBeS archive : Gente del Centro - People of the Center |72|"
"Universidad de Buenos Aires","","","",20,1,"DoBeS archive : Chaco languages |20|"
"Universidad de Buenos Aires, Facultad de Filosofía y Letras","","","",29,1,"DoBeS archive : Chaco languages |29|"
"Universidade Federal de Alagoas","","","",24,1,"Donated Corpora : Yaathe |24|"
"Universidade Federal do Rio de Janeiro","","","",34,1,"DoBeS archive : Kuikuro Team |34|"
"Universitaet Kiel","","","",152,1,"DoBeS archive : Teop |152|"
"Universitaet zu Koeln","","","",3,1,"DoBeS archive : CELD Papua |3|"
"Universitaets-Archiv Heidelberg","","","",4,1,"Donated Corpora : Akha Language - Heidelberg University Archive |4|"
"Universitas Cenderawasi, Abepura, Papua","","","",6,1,"DoBeS archive : CELD Papua |6|"
"Universiteit Leiden","","","",1,0,""
"Universiteit van Amsterdam","","","",166,2,"DoBeS archive : Sri Lanka Malay |164| # INT |1|"
"Universiteit van Utrecht","","","",1,1,"INT |1|"
"Universitetet i Agder","","","",1,1,"CLARINO UiB - Corpuscle |1|"
"Universitetet i Bergen","","","",162,5,"CLARINO Bergen Centre |4| # CLARINO NB – Språkbanken |1| # CLARINO UiB - Corpuscle |9|"
"Universitetet i Tromsø","","","",12,1,"DoBeS archive : Kola Saami Documentation Project |12|"
"Universitetet i Trondheim","","","",1,1,"CLARINO NB – Språkbanken |1|"
"Universitets- og høgskolerådet","","","",2,1,"CLARINO Bergen Centre |2|"
"University College London","","","",8,1,"COST elicitationdata |8|"
"University College of London","","","",2,1,"COST elicitationdata |2|"
"University Halle-Wittenberg","","","",25,1,"DoBeS archive : Cashinahua project |25|"
"University of Agder","","","",1,1,"CLARINO UiB - Corpuscle |1|"
"University of Alberta","","","",1,0,""
"University of Amsterdam","","","",446,5,"DoBeS archive : Sri Lanka Malay |2| # Donated Corpora : Archive of the Lokono Language (ALL) |4| # INT |4|"
"University of Amsterdam (VU)","","","",2,1,"INT |2|"
"University of Amsterdam, ACLC","","","",14,1,"Donated Corpora : Archive of the Lokono Language (ALL) |14|"
"University of Antwerp","","","",6,2,"CollBank |1| # INT |5|"
"University of Antwerp (CNTS)","","","",1,1,"Tübingen Language Resources |1|"
"University of Bamberg","","","",26,1,"DoBeS archive : Shiri and Sanzhi |26|"
"University of Bergen","","","",177,5,"CLARINO Bergen Centre |11| # CLARINO NB – Språkbanken |1| # CLARINO UiB - Corpuscle |9|"
"University of Bielefeld","","","",103,1,"DoBeS archive : Savosavo and Gela |103|"
"University of Birmingham","","","",1,1,"IMS, CLARIN-D Centre, University of Stuttgart |1|"
"University of Bristol","","","",3,2,"MPI corpora : Demo |1| # MPI corpora : Language and Cognition : africa : Ewe : Essegbey |1|"
"University of Buea","","","",49,2,"DoBeS archive : Bezen |2| # DoBeS archive : Isubu and Wovia |47|"
"University of California, Berkeley","","","",58,1,"DoBeS archive : Laal |58|"
"University of California, Communication Dpt","","","",36,2,"MPI corpora : Language and Cognition : Sign Language : Ozyurek |21| # Sign Language : VIDI Sign space project |15|"
"University of California, Los Angeles","","","",80,1,"DoBeS archive : Aché |80|"
"University of California, San Diego","","","",17,3,"MPI corpora : Language and Cognition : australia : Cape York Peninsula : Guugu Yimithirr : Hopevale |2| # MPI corpora : Language and Cognition : australia : Guugu Yimithirr : Hopevale |11| # MPI corpora : Language and Cognition : mesoamerica : Tzeltal : John Haviland |4|"
"University of Cologne","","","",1079,2,"DoBeS archive : Beaver Archive |998| # DoBeS archive : Délı̨nę |25|"
"University of Cologne, Department of Linguistics - Universidad de Colonia, Departamento de Lingüística","","","",420,1,"DoBeS archive : Movima |420|"
"University of Colorado","","","",7,2,"DoBeS archive : Referentiality_Project |1| # DoBeS archive : Wichita |6|"
"University of Colorado; Volkswagen Foundation","","","",1,1,"DoBeS archive : Wichita |1|"
"University of Connecticut","","","",1,1,"Sign Language : Sign Language Lexica |1|"
"University of Delaware","","","",101,1,"MPI EVA corpora : Jakarta Field Station |99|"
"University of Eastern Finland","","","",11,0,""
"University of Edinburgh","","","",1,0,""
"University of Erfurt","","","",1,1,"CollBank |1|"
"University of Florida","","","",15,1,"Donated Corpora : Nyangbo |15|"
"University of Ghent","","","",4,1,"INT |4|"
"University of Ghent (UGent)","","","",2,1,"INT |2|"
"University of Graz","","","",12,1,"DoBeS archive : Jaminjungan and Eastern Ngumpin |12|"
"University of Groningen","","","",4,2,"CollBank |2| # INT |2|"
"University of Hamburg","","","",207,6,"COST elicitationdata |1| # DoBeS archive : Bezen |87| # DoBeS archive : Chontal |62|"
"University of Helsinki","","","",203,2,"Clarino Bergen Centre - INESS |1| # LRT + Open Submissions Data & Tools |1|"
"University of Iceland","","","",7,2,"COST elicitationdata |6| # Clarino Bergen Centre - INESS |1|"
"University of Jyväskylä","","","",25,0,""
"University of Kiel","","","",517,3,"DoBeS archive : Gorani |111| # DoBeS archive : Marquesan team |197| # DoBeS archive : Teop |209|"
"University of Konstanz","","","",3,1,"DoBeS archive : Kola Saami Documentation Project |3|"
"University of Leiden","","","",1,1,"Donated Corpora : Slips of the tongue data |1|"
"University of Leipzig","","","",926,4,"DoBeS archive : Baure |85| # DoBeS archive : Chintang and Puma Documentation Project |593| # DoBeS archive : Kola Saami Documentation Project |1|"
"University of Leuven","","","",6,1,"INT |6|"
"University of Leuven (KULeuven)","","","",1,1,"INT |1|"
"University of Limerick, Ireland","","","",7,1,"DoBeS archive : Chintang and Puma Documentation Project |7|"
"University of Manchester","","","",223,2,"DoBeS archive : Jaminjungan and Eastern Ngumpin |8| # DoBeS archive : Savosavo and Gela |215|"
"University of Manchester, School of Arts, Languages and Cultures","","","",14,1,"DoBeS archive : Jaminjungan and Eastern Ngumpin |14|"
"University of Maryland","","","",139,1,"MPI EVA corpora : Jakarta Field Station |139|"
"University of Melbourne","","","",373,2,"DoBeS archive : Iwaidja team |362| # DoBeS archive : Jaminjungan and Eastern Ngumpin |11|"
"University of Michigan, Ann Arbor","","","",105,1,"DoBeS archive : Aché |105|"
"University of Milan-Bicocca, Italy","","","",1,1,"COST elicitationdata |1|"
"University of Münster","","","",7,1,"DoBeS archive : Ikaan |7|"
"University of New England","","","",1,1,"DoBeS archive : Morehead |1|"
"University of Newcastle","","","",63,1,"DoBeS archive : Vurës and Vera'a |63|"
"University of Nijmegen","","","",11,3,"ECHO |1| # INT |1| # Sign Language : ECHO - Sign Language |9|"
"University of Oslo","","","",49,5,"CLARINO Bergen Centre |1| # CLARINO NB – Språkbanken |2| # Clarino - Textlab |18|"
"University of Oulu","","","",3,0,""
"University of Potsdam","","","",16,6,"Clarino Bergen Centre - INESS |1| # DoBeS archive : Kola Saami Documentation Project |1| # Donated Corpora : Permic Varieties |9|"
"University of Sheffield","","","",5,1,"LRT + Open Submissions Data & Tools |5|"
"University of Stuttgart","","","",32,1,"IMS, CLARIN-D Centre, University of Stuttgart |32|"
"University of Stuttgart, Germany","","","",1,1,"IMS, CLARIN-D Centre, University of Stuttgart |1|"
"University of Surrey","","","",2,1,"Donated Corpora : Slavonic Colour Lexicon |2|"
"University of Sydney","","","",30,1,"DoBeS archive : Iwaidja team |30|"
"University of Tampere","","","",18,0,""
"University of Tartu","","","",90,2,"Center of Estonian Language Resources |54| # DoBeS archive : Enets and Forest Nenets |36|"
"University of Texas, Austin, U.S.A.","","","",1,1,"IMS, CLARIN-D Centre, University of Stuttgart |1|"
"University of Tilburg","","","",3,1,"INT |3|"
"University of Trondheim","","","",1,1,"CLARINO NB – Språkbanken |1|"
"University of Turku","","","",7,0,""
"University of Twente","","","",2,1,"INT |2|"
"University of Tübingen","","","",9,3,"Ludwig-Uhland-Institut für Empirische Kulturwissenschaft |1| # Tübingen Language Resources |7| # Word and tag embeddings for German (syntactic) |1|"
"University of Utah, Department of Linguistics","","","",1,1,"DoBeS archive : Khinalug |1|"
"University of Utrecht","","","",7,1,"INT |7|"
"University of Versailles","","","",9,1,"DoBeS archive : Even |9|"
"University of Versailles (France)","","","",1,1,"DoBeS archive : Even |1|"
"University of Victoria","","","",188,1,"DoBeS archive : Lacandon Cultural Heritage |188|"
"University of Vienna","","","",6,1,"Dictionary Gate |5|"
"University of Washington","","","",20,1,"DoBeS archive : Beaver Archive |20|"
"University of West Bohemia","","","",3,1,"LINDAT / CLARIN Data & Tools |3|"
"University of West Bohemia in Pilsen, KIV","","","",1,1,"LINDAT / CLARIN Data & Tools |1|"
"University of West Bohemia, Department of Computer Science and Engineering","","","",1,1,"LRT + Open Submissions Data & Tools |1|"
"University of West Bohemia, Dept. of Cybernetics","","","",1,1,"LINDAT / CLARIN Data & Tools |1|"
"University of Wolverhampton","","","",1,1,"Tübingen Language Resources |1|"
"University of Würzburg","","","",1,0,""
"University of Zurich","","","",1,0,""
"University of the Basque Country, UPV/EHU","","","",2,1,"LINDAT / CLARIN Data & Tools |2|"
"Università Cattolica del Sacro Cuore, Milan (Italy)","","","",1,1,"Tübingen Curated Resource |1|"
"Università Degli Studi di Napoli Federico II","","","",1,1,"Bavarian Archive for Speech Signals (BAS) |1|"
"Università degli Studi di Napoli ""L'Orientale""","","","",140,1,"MPI EVA corpora : Jakarta Field Station |137|"
"Università di Parma","","","",2,1,"ILC4CLARIN : OPEN Data & Tools |2|"
"Universität","","","",9,2,"AGD |8| # Archiv für Gesprochenes Deutsch |1|"
"Universität Basel","","","",1,1,"DoBeS archive : Kola Saami Documentation Project |1|"
"Universität Bochum, Seminar für Slawistik","","","",4,1,"AGD |4|"
"Universität Frankfurt a. M.","","","",37,1,"DoBeS archive : Akie |37|"
"Universität Frankfurt a.M.","","","",34,1,"DoBeS archive : Akie |34|"
"Universität Freiburg","","","",8,2,"DoBeS archive : Kola Saami Documentation Project |1| # Donated Corpora : Permic Varieties |7|"
"Universität Freiburg, Deutsches Seminar","","","",1,1,"AGD |1|"
"Universität Gießen, Lehrstuhl für Psychologie","","","",1,1,"AGD |1|"
"Universität Graz","","","",2,1,"DoBeS archive : Jaminjungan and Eastern Ngumpin |2|"
"Universität Hamburg","","","",16,3,"Bavarian Archive for Speech Signals (BAS) |1| # Donated Corpora : Permic Varieties |10| # HZSK Tools |5|"
"Universität Hamburg / Universitätskolleg","","","",1,1,"Hamburger Zentrum für Sprachkorpora (HZSK) |1|"
"Universität Hamburg : Hamburger Zentrum für Sprachkorpora","","","",1,1,"Archiv für Gesprochenes Deutsch |1|"
"Universität Hamburg, Asien-Afrika-Institut, Abt. für Afrikanistik und Äthiopistik Edmund-Siemers-Allee 1 (Flügel Ost) D-20146 Hamburg","","","",15,1,"DoBeS archive : Bayso and Haro |15|"
"Universität Hamburg, Department Informatik","","","",1,1,"Hamburg Dependency Treebank |1|"
"Universität Konstanz","","","",4,1,"Donated Corpora : Gammölsvänsk |4|"
"Universität Köln","","","",156,4,"DoBeS archive : Aru languages |141| # DoBeS archive : Beaver Archive |7| # DoBeS archive : Movima |1|"
"Universität Leipzig : Herder-Institut","","","",1,1,"Archiv für Gesprochenes Deutsch |1|"
"Universität Münster","","","",1,1,"Tübingen Language Resources |1|"
"Universität Regensburg","","","",64,1,"DoBeS archive : Minderico |64|"
"Universität Saarbrücken","","","",7,1,"AGD |7|"
"Universität Salzburg","","","",28,1,"AGD |28|"
"Universität Stuttgart","","","",34,2,"IMS, CLARIN-D Centre, University of Stuttgart |33| # Tübingen Language Resources |1|"
"Universität Tübingen","","","",11,3,"CLARIN Virtual Collection Registry |2| # Ludwig-Uhland-Institut für Empirische Kulturwissenschaft |1| # Tübingen Language Resources |7|"
"Universität Ulm","","","",1,1,"IMS, CLARIN-D Centre, University of Stuttgart |1|"
"Universität Wien","","","",10,3,"Dictionary Gate |4| # DoBeS archive : Akie |5| # TuniCo - Linguistic Dynamics in the Greater Tunis Area |1|"
"Universität Wrocław : Institut für Germanistik, Institut für Polonistik Universität Leipzig : Herder-Institut, Institut für Informatik, Abt. Automatische Sprachverarbeitung","","","",1,1,"Archiv für Gesprochenes Deutsch |1|"
"Universität des Saarlandes","","","",2,2,"IMS, CLARIN-D Centre, University of Stuttgart |1| # LRT + Open Submissions Data & Tools |1|"
"Universität zu Koln","","","",8,1,"DoBeS archive : Beaver Archive |8|"
"Universität zu Köln, Allgemeinesprachwissenschaft","","","",59,1,"DoBeS archive : Totoli |59|"
"Universität zu Köln, Institut für Linguistik, Allgemeine Sprachwissenschaft","","","",1,1,"DoBeS archive : CELD Papua |1|"
"Universitäts- und Forschungsbibliothek Erfurt/Gotha","","","",1,0,""
"Université Internationale de l'Ouest de Paris","","","",107,1,"DoBeS archive : Cashinahua project |107|"
"Université Paris Diderot","","","",2,1,"DoBeS archive : Gente del Centro - People of the Center |2|"
"Université Paris X- Nanterre","","","",1,1,"DoBeS archive : Trumai |1|"
"Université catholique de Louvain","","","",1,1,"TLA: DiscAn |1|"
"Université de Gand, Belgique","","","",2,1,"DoBeS archive : Nsambaan, Nsong and Ngong |2|"
"Université de Gand. koen.bostoen@ugent.be","","","",2,1,"DoBeS archive : Nsambaan, Nsong and Ngong |2|"
"Université de Paris X, Nanterre","","","",46,1,"DoBeS archive : Cashinahua project |46|"
"Université de Paris X, Nanterre / Max-Planck-Institute for Evolutionary Anthropology","","","",109,1,"DoBeS archive : Cashinahua project |109|"
"Universit� degli Studi di Napoli ""L'Orientale""","","","",1,1,"MPI EVA corpora : Jakarta Field Station |1|"
"Universiy of Paris X, France","","","",5,1,"DoBeS archive : Trumai |5|"
"Uppsala University","","","",7,2,"Donated Corpora : Permic Varieties |1| # LRT + Open Submissions Data & Tools |3|"
"Utenriksdepartementet","","","",2,1,"CLARINO NB – Språkbanken |2|"
"Utrecht Institute of Linguistics OTS (UiL OTS)","","","",1,1,"Meertens Collection: GBA-derived |1|"
"Utrecht University","","","",7,3,"CollBank |2| # Meertens Collection: Diversity in Dutch DP Design (DiDDD) |1| # TLA: DiscAn |4|"
"Utrecht University (UiL-OTS)","","","",1,1,"CollBank |1|"
"Utrecht university","","","",1,1,"CollBank |1|"
"V. Pios Forlag","","","",1,1,"CLARIN-DK-UCPH Repository |1|"
"VU Amsterdam","","","",1,1,"CollBank |1|"
"VU University","","","",1,1,"CollBank |1|"
"VU University Amsterdam","","","",6,4,"CollBank |1| # Donated Corpora : Biak |2| # INT |1|"
"VU, University Amsterdam","","","",1,1,"INT |1|"
"Valter valtioneuvoston termipankki","","","",1,0,""
"Van Dale Lexicography, Utrecht","","","",1,1,"INT |1|"
"Various Finnish Magazines and Newspapers","","","",2,0,""
"Veterans Institute","","","",2,1,"CollBank |2|"
"VideoLectures.NET","","","",3,1,"CLARIN.SI data & tools |3|"
"Volkswagen Foundation","","","",142,5,"DoBeS archive : Chontal |61| # DoBeS archive : Teop |33| # DoBeS archive : Wichita |6|"
"Vrije Universiteit Amsterdam (VU)","","","",1,1,"INT |1|"
"Vytautas Magnus Univeristy","","","",1,1,"CLARIN-LT |1|"
"Vytautas Magnus University","","","",6,1,"CLARIN-LT |6|"
"W. Moberly Lake Reserve","","","",1,1,"DoBeS archive : Beaver Archive |1|"
"Werkgroep Frequentie-Onderzoek van het Nederlands","","","",1,1,"INT |1|"
"Westfälische Wilhelms-Universität Münster","","","",270,1,"Donated Corpora : Leap |270|"
"Westfälische Wilhelms-Universität Münster, Department for General Linguistics","","","",1,1,"DoBeS archive : Totoli |1|"
"Wirtschaftsgymnasium","","","",6,1,"AGD |6|"
"Yale University","","","",210,1,"MPI EVA corpora : Jakarta Field Station |210|"
"Ylilauta","","","",2,0,""
"ZRC SAZU","","","",13,1,"CLARIN.SI data & tools |13|"
"Zentralinstitut für Sprachwissenschaft der Akademie der Wissenschaften der DDR","","","",8,1,"AGD |8|"
"Zentrum für Allgemeine Sprachwissenschaft, Berlin","","","",180,1,"DoBeS archive : West Ambrym Languages |180|"
"Zürcher Hochschule für Angewandte Wissenschaften","","","",1,1,"Phonogrammarchiv der Universität Zürich |1|"
"anonymous","","","",4,1,"CLARIN-DK-UCPH Repository |4|"
"c/o Mirima Dawang Woorlab-gerring, Kununurra","","","",1,1,"DoBeS archive : Jaminjungan and Eastern Ngumpin |1|"
"forskning.no","","","",2,1,"Clarino UiB |2|"
"http://clarino.uib.no/iness/","","","",1,1,"CLARINO Bergen Centre |1|"
"http://europa.eu/rapid/","","","",5315,1,"CLARIN-DK-UCPH Repository |5315|"
"http://sommer.alog.net","","","",1,1,"DoBeS archive : Kola Saami Documentation Project |1|"
"iNano, Aarhus Universitetsforlag","","","",3,1,"CLARIN-DK-UCPH Repository |3|"
"monikapawlowski@live.de","","","",1,1,"DoBeS archive : Khinalug |1|"
"mvmachava@yahoo.com","","","",1,1,"DoBeS archive : ECLING project |1|"
"netpatient","","","",1,1,"CLARIN-DK-UCPH Repository |1|"
"nevskaya@em.uni-frankfurt.de","","","",3,0,""
"not available","","","",1,1,"TLA: DiscAn |1|"
"see Adress","","","",295,1,"DoBeS archive : Beaver Archive |295|"
"sprakbanken","","","",1,1,"CLARINO NB – Språkbanken |1|"
"the IJsselacademy, Kampen","","","",1,1,"CollBank |1|"
"the Staring Instituut","","","",1,1,"CollBank |1|"
"university of leuven","","","",1,1,"CollBank |1|"
"utrecht university","","","",2,1,"CollBank |2|"
"www.celd-papua.net","","","",134,1,"DoBeS archive : CELD Papua |3|"
"École Pratique de Hautes Etudes","","","",4,1,"DoBeS archive : Trumai |4|"
"École des Hautes Etudes en Sciences Sociales","","","",94,1,"DoBeS archive : Trumai |94|"
"École normale supérieure (ENS) de Lyon","","","",1,1,"IMS, CLARIN-D Centre, University of Stuttgart |1|"
"ÖAW","","","",1,1,"TuniCo - Linguistic Dynamics in the Greater Tunis Area |1|"
"Österreichische Akademie der Wissenschaften","","","",4,1,"Dictionary Gate |4|"
"Østsamisk museum","","","",2,1,"DoBeS archive : Kola Saami Documentation Project |2|"
"Østsamisk museum Neiden, Norway","","","",5,1,"DoBeS archive : Kola Saami Documentation Project |5|"
"Краевое государственное учреждение культуры ""Таймырский Дом Народного Творчества""","","","",1,1,"DoBeS archive : Enets and Forest Nenets |1|"
"“Jožef Stefan” Institute","","","",1,1,"Clarino Bergen Centre - INESS |1|"